Symbol,Series,Date,Prev Close,Open Price,High Price,Low Price,Last Price,Close Price,Average Price,Total Traded Quantity,Turnover,No. of Trades,Deliverable Qty,% Dly Qt to Traded Qty
JUBLFOOD,EQ,15-May-17,986.35,991.85,1031,983.55,1029.6,1025.45,1009.72,576466,582068509.3,19888,115368,20.01
JUBLFOOD,EQ,16-May-17,1025.45,1028.5,1054.85,1028.5,1052,1050.65,1042.26,487510,508110696.2,15487,84859,17.41
JUBLFOOD,EQ,17-May-17,1050.65,1044,1058.75,1024.2,1047,1049.05,1039.93,393751,409472571.4,15205,61936,15.73
JUBLFOOD,EQ,18-May-17,1049.05,1039.7,1049.15,1012.2,1014.1,1019.35,1033.8,381432,394324549.9,10345,40599,10.64
JUBLFOOD,EQ,19-May-17,1019.35,1022,1042.2,1011,1012.55,1018.1,1025.24,287852,295117054.1,9834,60049,20.86
JUBLFOOD,EQ,22-May-17,1018.1,1018.1,1038,1015,1022.85,1030.3,1026.6,321837,330398168.1,9940,87006,27.03
JUBLFOOD,EQ,23-May-17,1030.3,1030,1030,990,990,993.15,1009.44,342845,346083144,12009,77703,22.66
JUBLFOOD,EQ,24-May-17,993.15,995,1005.9,966,974.45,976.45,988.12,448045,442723272.9,12040,42627,9.51
JUBLFOOD,EQ,25-May-17,976.45,974.45,1024,965.25,1024,1014.95,998.09,524803,523802982.4,23985,109155,20.8
JUBLFOOD,EQ,26-May-17,1014.95,1024,1035,982.5,993.95,992.7,1013.2,391221,396385703,17661,72571,18.55
JUBLFOOD,EQ,29-May-17,992.7,997.8,998.4,925,937.2,940.35,957.94,974901,933898388.2,24822,158323,16.24
JUBLFOOD,EQ,30-May-17,940.35,880.1,921,817.2,910.2,909.15,876.28,5504664,4823600441,135807,628329,11.41
JUBLFOOD,EQ,31-May-17,909.15,911.95,925,888,917,914.9,909.16,1195336,1086751064,35859,123904,10.37
JUBLFOOD,EQ,01-Jun-17,914.9,920,920,898.1,912.5,912.25,909.03,921483,837654417.5,22643,279276,30.31
JUBLFOOD,EQ,02-Jun-17,912.25,914.25,934.8,908.3,932,930.85,924.04,620511,573375608.4,19763,118969,19.17
JUBLFOOD,EQ,05-Jun-17,930.85,931,949,926.1,932.1,936.05,940.24,514033,483313619.6,13543,105374,20.5
JUBLFOOD,EQ,06-Jun-17,936.05,936.05,965.8,935.2,956.9,952.55,954.52,1196195,1141796685,34217,288991,24.16
JUBLFOOD,EQ,07-Jun-17,952.55,957.2,961.35,945,956.45,955.2,952.61,472750,450345925.7,12611,72293,15.29
JUBLFOOD,EQ,08-Jun-17,955.2,952,971.9,952,963.4,963.8,963.02,500353,481848465.2,11524,47326,9.46
JUBLFOOD,EQ,09-Jun-17,963.8,964,975,952.45,973,969.1,962.46,370792,356870831.6,12853,50945,13.74
JUBLFOOD,EQ,12-Jun-17,969.1,960,966.85,950.1,957.5,959.55,959.32,265930,255111838.5,7100,38470,14.47
JUBLFOOD,EQ,13-Jun-17,959.55,961.15,973,953,970.7,970.05,965.68,421456,406990193.8,9885,51514,12.22
JUBLFOOD,EQ,14-Jun-17,970.05,962,968,952,968,962.6,959.06,324857,311556021.7,11365,21369,6.58
JUBLFOOD,EQ,15-Jun-17,962.6,959.95,964.9,953,959,959.25,958.04,231706,221983581.5,9126,32167,13.88
JUBLFOOD,EQ,16-Jun-17,959.25,963,968.75,925.4,943,938.2,945.96,496384,469558754.8,13784,86728,17.47
JUBLFOOD,EQ,19-Jun-17,938.2,940.1,944.95,918.6,923.5,924.65,927.95,656933,609603939.9,19540,236955,36.07
JUBLFOOD,EQ,20-Jun-17,924.65,923.5,930.45,920,925,924,924.82,291920,269972745.5,6213,73743,25.26
JUBLFOOD,EQ,21-Jun-17,924,923,938.1,914.75,927.05,926.2,927.72,460579,427287294.3,13193,72380,15.72
JUBLFOOD,EQ,22-Jun-17,926.2,929.9,929.9,909.6,914,913.25,918.56,363307,333719330.1,11738,51771,14.25
JUBLFOOD,EQ,23-Jun-17,913.25,914,934.5,901.5,917,922.95,920.6,576549,530769176.8,17602,147377,25.56
JUBLFOOD,EQ,27-Jun-17,922.95,918,934.5,918,929,929,927.94,472073,438055571.1,14515,200907,42.56
JUBLFOOD,EQ,28-Jun-17,929,921.05,942,915.05,942,938,934.35,316313,295547578.5,8600,67830,21.44
JUBLFOOD,EQ,29-Jun-17,938,946.55,957.6,936.95,951,952.1,948.97,517249,490855347.6,15897,118293,22.87
JUBLFOOD,EQ,30-Jun-17,952.1,945,952,937.3,947.5,946.4,943.57,365054,344452426.9,27252,100981,27.66
JUBLFOOD,EQ,03-Jul-17,946.4,946.4,1006.85,946.4,1006,999.25,984.95,1016369,1001075847,29622,245785,24.18
JUBLFOOD,EQ,04-Jul-17,999.25,1012,1044,1012,1025,1025.45,1032.8,1289457,1331745337,49531,203516,15.78
JUBLFOOD,EQ,05-Jul-17,1025.45,1031.7,1057,1028.05,1048.05,1048.95,1043.43,550836,574759859.3,17081,110064,19.98
JUBLFOOD,EQ,06-Jul-17,1048.95,1045.8,1091.4,1039.2,1080,1077.85,1073.73,876216,940821133.7,27664,140650,16.05
JUBLFOOD,EQ,07-Jul-17,1077.85,1077,1102,1065.3,1100.1,1093.35,1090.96,683694,745885941,18412,95515,13.97
JUBLFOOD,EQ,10-Jul-17,1093.35,1134,1134,1099.9,1115,1112,1111.31,129919,144380289.1,5133,22435,17.27
JUBLFOOD,EQ,11-Jul-17,1112,1115,1126.2,1085.1,1093.1,1090.75,1100.6,409566,450770245.2,12933,60743,14.83
JUBLFOOD,EQ,12-Jul-17,1090.75,1093.1,1114,1090.05,1103.2,1106.1,1102.12,320543,353277039.3,9308,43191,13.47
JUBLFOOD,EQ,13-Jul-17,1106.1,1110.1,1118.6,1095.3,1117.9,1111.5,1106.72,278018,307687741.6,12283,60341,21.7
JUBLFOOD,EQ,14-Jul-17,1111.5,1115.35,1178.5,1105,1168.65,1164.6,1155.3,1579818,1825163863,45916,377304,23.88
JUBLFOOD,EQ,17-Jul-17,1164.6,1187,1285.9,1161,1269,1272.7,1223.24,6933168,8480935249,188338,444273,6.41
JUBLFOOD,EQ,18-Jul-17,1272.7,1265.1,1334.95,1247.35,1322,1325.1,1312.75,5504940,7226606536,137752,696183,12.65
JUBLFOOD,EQ,19-Jul-17,1325.1,1323.1,1329.05,1282.55,1288.95,1290,1293.74,1888442,2443145017,53320,408242,21.62
JUBLFOOD,EQ,20-Jul-17,1290,1290,1318.9,1286.95,1298.7,1298.1,1303.17,1003031,1307116305,26837,95953,9.57
JUBLFOOD,EQ,21-Jul-17,1298.1,1300,1309.45,1237.5,1250.25,1254,1264.28,1135921,1436123268,30915,136171,11.99
JUBLFOOD,EQ,24-Jul-17,1254,1252,1266.65,1233.25,1251.95,1252.2,1249.87,708924,886061970.7,19291,70314,9.92
JUBLFOOD,EQ,25-Jul-17,1252.2,1250,1308,1235.3,1295.9,1296.35,1281.34,1587139,2033671192,44968,148577,9.36
JUBLFOOD,EQ,26-Jul-17,1296.35,1302.25,1312.4,1270.8,1277,1282.85,1295.13,1266049,1639693749,39680,188110,14.86
JUBLFOOD,EQ,27-Jul-17,1282.85,1283,1298.7,1268.1,1287.9,1278.45,1281.2,872533,1117891366,30444,236799,27.14
JUBLFOOD,EQ,28-Jul-17,1278.45,1281.95,1318,1260,1313,1312.6,1297.88,1067103,1384975303,28488,138257,12.96
JUBLFOOD,EQ,31-Jul-17,1312.6,1322,1338,1304.5,1310,1317.75,1322.1,1182849,1563848709,36589,238904,20.2
JUBLFOOD,EQ,01-Aug-17,1317.75,1307.6,1321.25,1283.8,1293,1293.95,1301.52,563946,733989347.3,16853,57357,10.17
JUBLFOOD,EQ,02-Aug-17,1293.95,1280.2,1306,1269.65,1280,1280.75,1290.43,662368,854736351.3,19495,68576,10.35
JUBLFOOD,EQ,03-Aug-17,1280.75,1286,1293.9,1250,1250.6,1254.8,1269,541181,686759611.9,14982,59417,10.98
JUBLFOOD,EQ,04-Aug-17,1254.8,1256,1286,1246.8,1279.95,1279.3,1265.86,789359,999217861.4,25369,138925,17.6
JUBLFOOD,EQ,07-Aug-17,1279.3,1270.1,1286,1258,1265,1264.55,1269.34,352060,446883928.1,11858,55029,15.63
JUBLFOOD,EQ,08-Aug-17,1264.55,1275.2,1345,1255,1337.2,1330.8,1302.66,1674075,2180743309,50507,196015,11.71
JUBLFOOD,EQ,09-Aug-17,1330.8,1342,1355.75,1283.25,1297,1299.2,1325.17,1763170,2336496629,47613,345045,19.57
JUBLFOOD,EQ,10-Aug-17,1299.2,1298,1352.4,1267.2,1320,1317.95,1323.71,1926331,2549898456,53522,371359,19.28
JUBLFOOD,EQ,11-Aug-17,1317.95,1289,1336.2,1269.95,1298,1296.6,1303.81,1223225,1594854511,35874,132935,10.87
JUBLFOOD,EQ,14-Aug-17,1296.6,1305,1380,1305,1379.9,1370.7,1350.44,1253203,1692378324,41022,198866,15.87
JUBLFOOD,EQ,16-Aug-17,1370.7,1409,1444.75,1382.65,1385.95,1392.9,1411.65,2174134,3069125145,65805,295935,13.61
JUBLFOOD,EQ,17-Aug-17,1392.9,1408,1424.5,1386,1399.05,1399.4,1406.79,1254835,1765287261,36872,162126,12.92
JUBLFOOD,EQ,18-Aug-17,1399.4,1390,1410.95,1379,1395,1394.55,1394.74,736471,1027183705,22279,52220,7.09
JUBLFOOD,EQ,21-Aug-17,1394.55,1403.8,1432.75,1372,1376.15,1383.6,1410.54,1008859,1423033287,27688,81304,8.06
JUBLFOOD,EQ,22-Aug-17,1383.6,1410,1410.05,1352.5,1359.1,1357.1,1382.09,993348,1372895272,28366,79862,8.04
JUBLFOOD,EQ,23-Aug-17,1357.1,1369,1387.65,1354,1383,1380.3,1369.82,665029,910970246.4,18414,46950,7.06
JUBLFOOD,EQ,24-Aug-17,1380.3,1388,1406,1372.05,1389.65,1393.55,1392.81,730350,1017236349,20843,96493,13.21
JUBLFOOD,EQ,28-Aug-17,1393.55,1392,1404,1376.1,1381.45,1382.5,1389.5,580508,806617469.9,18667,182807,31.49
JUBLFOOD,EQ,29-Aug-17,1382.5,1388.85,1388.85,1337.45,1343.4,1344.85,1359.73,658811,895802886.7,22614,186550,28.32
JUBLFOOD,EQ,30-Aug-17,1344.85,1360,1397.75,1355,1370,1366.05,1374.25,1157869,1591204096,45994,278466,24.05
JUBLFOOD,EQ,31-Aug-17,1366.05,1379.75,1405,1356.35,1403.15,1394.5,1378.99,765404,1055482626,20533,171762,22.44
JUBLFOOD,EQ,01-Sep-17,1394.5,1395.35,1425,1395.05,1400,1403.1,1410.77,749515,1057393421,21662,116192,15.5
JUBLFOOD,EQ,04-Sep-17,1403.1,1397.3,1398,1365.05,1380.85,1379.9,1381.31,562943,777598606.9,22947,83647,14.86
JUBLFOOD,EQ,05-Sep-17,1379.9,1395,1397.85,1370.1,1382,1378.85,1382.96,437298,604764277.3,12633,38842,8.88
JUBLFOOD,EQ,06-Sep-17,1378.85,1380,1405,1370.05,1393,1391.3,1390.73,592148,823518859,21284,69440,11.73
JUBLFOOD,EQ,07-Sep-17,1391.3,1392.1,1407.4,1384.15,1390.1,1389,1394.46,361510,504111959.5,10434,53221,14.72
JUBLFOOD,EQ,08-Sep-17,1389,1398.1,1404,1377.25,1387,1384.5,1389.34,468209,650501705.5,12788,62229,13.29
JUBLFOOD,EQ,11-Sep-17,1384.5,1394,1464,1385,1463.6,1452,1423.85,1423607,2027002501,43292,195373,13.72
JUBLFOOD,EQ,12-Sep-17,1452,1470.95,1475.45,1420.05,1424.85,1424.8,1439.32,1593399,2293412221,41542,368060,23.1
JUBLFOOD,EQ,13-Sep-17,1424.8,1420,1421,1305.05,1338,1323.35,1358.03,2391392,3247588930,70371,405954,16.98
JUBLFOOD,EQ,14-Sep-17,1323.35,1355.1,1383.9,1342.65,1377.2,1373.45,1366.86,3000789,4101644742,87027,323551,10.78
JUBLFOOD,EQ,15-Sep-17,1373.45,1351.1,1370,1345.6,1359.35,1359.15,1357.44,709529,963142810.7,27958,100372,14.15
JUBLFOOD,EQ,18-Sep-17,1359.15,1384,1427.7,1367.2,1423.15,1423.2,1402.82,1417565,1988583823,44245,300821,21.22
JUBLFOOD,EQ,19-Sep-17,1423.2,1428,1435,1378.3,1400.05,1396.05,1407.76,1099926,1548436103,33612,113093,10.28
JUBLFOOD,EQ,20-Sep-17,1396.05,1400,1420,1388,1405.75,1405.4,1406.61,688509,968463513.6,20753,64119,9.31
JUBLFOOD,EQ,21-Sep-17,1405.4,1397.5,1409.7,1377.65,1396,1392.55,1392.82,473735,659828959.5,13638,73756,15.57
JUBLFOOD,EQ,22-Sep-17,1392.55,1385,1398,1364,1379,1380.2,1379.21,563609,777332386,15700,81962,14.54
JUBLFOOD,EQ,25-Sep-17,1380.2,1382,1392,1331,1385,1380.95,1363.83,614646,838272643.2,17478,104740,17.04
JUBLFOOD,EQ,26-Sep-17,1380.95,1387,1403.05,1362.2,1399,1392.8,1379.61,639397,882119455.7,17691,74309,11.62
JUBLFOOD,EQ,27-Sep-17,1392.8,1406,1416,1350,1359,1355.9,1384.11,680179,941442983.6,21757,90877,13.36
JUBLFOOD,EQ,28-Sep-17,1355.9,1356.1,1384.5,1334.5,1374,1375.85,1365.48,797246,1088625656,23750,213852,26.82
JUBLFOOD,EQ,29-Sep-17,1375.85,1385,1404,1375.5,1392,1390.95,1390.48,476540,662620078.7,19172,127663,26.79
JUBLFOOD,EQ,03-Oct-17,1390.95,1402.1,1436.65,1402.1,1416.5,1416.05,1421.27,729091,1036232357,21560,179469,24.62
JUBLFOOD,EQ,04-Oct-17,1416.05,1416.5,1424.9,1392.45,1408.15,1407.45,1406.72,484931,682160341.1,28854,137029,28.26
JUBLFOOD,EQ,05-Oct-17,1407.45,1419,1490,1410,1483.4,1482.35,1456.26,1906198,2775919258,58026,344584,18.08
JUBLFOOD,EQ,06-Oct-17,1482.35,1520,1555,1510,1545.05,1543.4,1540.11,2970740,4575254808,78426,303503,10.22
JUBLFOOD,EQ,09-Oct-17,1543.4,1545,1555.45,1492,1498,1497.9,1516.06,1398803,2120670787,38963,208668,14.92
JUBLFOOD,EQ,10-Oct-17,1497.9,1506.8,1535.95,1466.4,1520.6,1526.2,1503.01,1466929,2204806438,40024,132772,9.05
JUBLFOOD,EQ,11-Oct-17,1526.2,1544.8,1551.6,1483.1,1488.05,1490.25,1519.39,1606907,2441514376,40367,157303,9.79
JUBLFOOD,EQ,12-Oct-17,1490.25,1501,1516.5,1487.7,1508,1501.8,1500.92,717750,1077284079,15871,39543,5.51
JUBLFOOD,EQ,13-Oct-17,1501.8,1510,1532,1510,1515,1515.55,1521.47,946117,1439492288,43265,292062,30.87
JUBLFOOD,EQ,16-Oct-17,1515.55,1528,1562.9,1519.1,1557,1551.65,1544.79,1464541,2262412581,36271,196955,13.45
JUBLFOOD,EQ,17-Oct-17,1551.65,1544,1590.95,1544,1585,1582.5,1569.49,1253858,1967913229,35464,179597,14.32
JUBLFOOD,EQ,18-Oct-17,1582.5,1593.95,1594.6,1519.4,1536,1532.95,1559.12,1284687,2002979477,35803,291501,22.69
JUBLFOOD,EQ,19-Oct-17,1532.95,1542.2,1549.95,1517.45,1526,1529.7,1535.79,119287,183199243.2,3622,19222,16.11
JUBLFOOD,EQ,23-Oct-17,1529.7,1530.1,1565,1526,1547.05,1548.2,1543.72,841823,1299537102,27709,198369,23.56
JUBLFOOD,EQ,24-Oct-17,1548.2,1552.2,1615.25,1549.3,1613.5,1609.85,1589.06,1380356,2193468182,41054,210786,15.27
JUBLFOOD,EQ,25-Oct-17,1609.85,1615.9,1630,1588.05,1595.2,1604.8,1609.75,1037754,1670521097,26020,218363,21.04
JUBLFOOD,EQ,26-Oct-17,1604.8,1595.1,1719.9,1565.6,1640.55,1642.65,1653.38,5187137,8576323075,129897,599606,11.56
JUBLFOOD,EQ,27-Oct-17,1642.65,1678.9,1698,1618,1625,1622.3,1649.94,1738039,2867653434,56991,330608,19.02
JUBLFOOD,EQ,30-Oct-17,1622.3,1627.1,1640.95,1606.8,1622,1620.15,1620.27,585941,949380736.4,19440,135727,23.16
JUBLFOOD,EQ,31-Oct-17,1620.15,1621,1650.8,1615.9,1632.2,1632.65,1634.02,690324,1128002065,20871,143319,20.76
JUBLFOOD,EQ,01-Nov-17,1632.65,1633,1656,1620,1626.55,1626.5,1639.41,608953,998324659.7,19330,85819,14.09
JUBLFOOD,EQ,02-Nov-17,1626.5,1626.5,1638.55,1613.4,1619,1617.75,1624.22,327671,532211380.9,10096,46059,14.06
JUBLFOOD,EQ,03-Nov-17,1617.75,1628,1633,1604.8,1611.3,1611.3,1613.98,332563,536750829.8,10258,59110,17.77
JUBLFOOD,EQ,06-Nov-17,1611.3,1609.7,1631.5,1595.5,1616.25,1615.65,1614.98,380457,614430383.1,11645,77928,20.48
JUBLFOOD,EQ,07-Nov-17,1615.65,1619.25,1628,1593.55,1597,1599.3,1609.36,374856,603278790.1,16532,111176,29.66
JUBLFOOD,EQ,08-Nov-17,1599.3,1597,1633.9,1590,1615.75,1614.25,1616.79,558323,902691223.4,23247,129337,23.17
JUBLFOOD,EQ,09-Nov-17,1614.25,1620,1665,1611.7,1663,1649.35,1636.21,676684,1107198935,22910,120651,17.83
JUBLFOOD,EQ,10-Nov-17,1649.35,1660,1674.85,1640.05,1660.05,1661.8,1658.84,574916,953696211.8,19514,167252,29.09
JUBLFOOD,EQ,13-Nov-17,1661.8,1720,1720.05,1686.2,1698.5,1699.4,1701.84,919037,1564049525,43248,290886,31.65
JUBLFOOD,EQ,14-Nov-17,1699.4,1702,1716.9,1695.6,1705,1700.55,1704.8,446470,761143747.1,19685,125682,28.15
JUBLFOOD,EQ,15-Nov-17,1700.55,1690,1745,1685.55,1715,1712.75,1728.29,867709,1499653466,28127,138026,15.91
JUBLFOOD,EQ,16-Nov-17,1712.75,1750,1782.75,1722.15,1779.4,1774.6,1749.23,1012008,1770239305,32037,108208,10.69
JUBLFOOD,EQ,17-Nov-17,1774.6,1779.6,1791,1753.2,1761.15,1761.1,1771.34,744983,1319618529,21003,146010,19.6
JUBLFOOD,EQ,20-Nov-17,1761.1,1762,1768,1735,1752,1745.85,1747.73,332413,580968060.7,13531,79824,24.01
JUBLFOOD,EQ,21-Nov-17,1745.85,1742.1,1761.45,1716,1734.3,1731.45,1741.07,392141,682744025.1,16384,69901,17.83
JUBLFOOD,EQ,22-Nov-17,1731.45,1730,1740.65,1706.8,1733.35,1726.6,1720.51,321453,553062561.1,12315,43397,13.5
JUBLFOOD,EQ,23-Nov-17,1726.6,1735.25,1737.8,1711.1,1712.1,1716.7,1720.65,200911,345697215.1,7168,37155,18.49
JUBLFOOD,EQ,24-Nov-17,1716.7,1712,1810,1702.05,1797,1803.3,1773.45,1375147,2438754638,36684,131690,9.58
JUBLFOOD,EQ,27-Nov-17,1803.3,1781,1812.4,1780,1796.15,1799.8,1798.83,656156,1180312408,22305,60398,9.2
JUBLFOOD,EQ,28-Nov-17,1799.8,1796.15,1831.9,1787.8,1794,1794.65,1812.61,965511,1750096529,29827,202609,20.98
JUBLFOOD,EQ,29-Nov-17,1794.65,1805,1809.7,1781.8,1786.5,1789.8,1794.88,478792,859374387.6,16806,92166,19.25
JUBLFOOD,EQ,30-Nov-17,1789.8,1780,1799,1768.1,1773.3,1775.2,1779.87,806892,1436160281,19934,377073,46.73
JUBLFOOD,EQ,01-Dec-17,1775.2,1787.9,1787.9,1745.1,1759.9,1752.7,1766.09,317873,561393658.6,10804,62373,19.62
JUBLFOOD,EQ,04-Dec-17,1752.7,1774,1774,1726.3,1739.85,1732.3,1747.63,470970,823079699.6,15350,110926,23.55
JUBLFOOD,EQ,05-Dec-17,1732.3,1732.5,1752.25,1714,1746.9,1743.75,1731.54,441190,763936778.9,23358,106863,24.22
JUBLFOOD,EQ,06-Dec-17,1743.75,1740,1747.2,1700.05,1703,1705.6,1720.32,500236,860568371.4,15690,173450,34.67
JUBLFOOD,EQ,07-Dec-17,1705.6,1706.55,1712.7,1645.5,1652.1,1650.55,1667.68,1091477,1820230622,51494,445406,40.81
JUBLFOOD,EQ,08-Dec-17,1650.55,1658.5,1700,1650.6,1661,1661.1,1673.86,1084388,1815111555,30547,245746,22.66
JUBLFOOD,EQ,11-Dec-17,1661.1,1672,1689,1653,1678,1677.1,1675.3,480827,805530042.4,20017,78879,16.4
JUBLFOOD,EQ,12-Dec-17,1677.1,1685,1732.5,1672.1,1716.35,1719.05,1714.28,1172295,2009642454,34836,103614,8.84
JUBLFOOD,EQ,13-Dec-17,1719.05,1727.95,1735.9,1692.6,1708,1701.45,1716.03,487083,835850792,14233,41438,8.51
JUBLFOOD,EQ,14-Dec-17,1701.45,1722,1723.95,1664.85,1694,1694,1683.57,506184,852197118.6,27054,107241,21.19
JUBLFOOD,EQ,15-Dec-17,1694,1703.1,1732,1703.1,1720.2,1720.2,1718.67,499900,859163918.1,30234,137215,27.45
JUBLFOOD,EQ,18-Dec-17,1720.2,1720.2,1764,1647.4,1751.05,1745.95,1736.9,868752,1508939591,31873,254391,29.28
JUBLFOOD,EQ,19-Dec-17,1745.95,1738,1770,1738,1762.1,1763.2,1760.68,363842,640610044.8,12975,47580,13.08
JUBLFOOD,EQ,20-Dec-17,1763.2,1766,1790,1765.5,1780,1781.45,1777.45,421841,749800725.2,16582,103445,24.52
JUBLFOOD,EQ,21-Dec-17,1781.45,1790,1794,1761.55,1771.65,1774.1,1775.56,327017,580636866.8,14304,76874,23.51
JUBLFOOD,EQ,22-Dec-17,1774.1,1783.6,1788.75,1755.25,1758.8,1764.8,1772.08,374442,663540384,15753,100153,26.75
JUBLFOOD,EQ,26-Dec-17,1764.8,1764.45,1796.45,1761.15,1776.15,1782.1,1783.41,312146,556685082.1,10698,33246,10.65
JUBLFOOD,EQ,27-Dec-17,1782.1,1785,1790.9,1711.75,1719,1724.15,1754.71,548224,961973682.7,25510,151548,27.64
JUBLFOOD,EQ,28-Dec-17,1724.15,1724.15,1739.45,1702.55,1724.85,1709.75,1718.25,504928,867594316.6,17832,101795,20.16
JUBLFOOD,EQ,29-Dec-17,1709.75,1725,1770,1715,1758.8,1761.1,1753.2,904031,1584942686,24409,167793,18.56
JUBLFOOD,EQ,01-Jan-18,1761.1,1750.25,1783.1,1745.75,1777,1776.6,1770.08,466361,825496059,13810,136331,29.23
JUBLFOOD,EQ,02-Jan-18,1776.6,1779.9,1805,1771.3,1790.5,1792.35,1789.3,649265,1161730783,23698,115070,17.72
JUBLFOOD,EQ,03-Jan-18,1792.35,1801,1857,1800,1846,1850.55,1836.51,1275474,2342414681,32899,318326,24.96
JUBLFOOD,EQ,04-Jan-18,1850.55,1858,1863.9,1820.3,1835.6,1838.75,1836.26,592506,1087995920,25697,187370,31.62
JUBLFOOD,EQ,05-Jan-18,1838.75,1859,1913.4,1841,1902.45,1904.35,1891.4,1270276,2402596474,34387,369901,29.12
JUBLFOOD,EQ,08-Jan-18,1904.35,1910,1944.25,1890,1930.1,1931,1919.96,719531,1381469871,22068,158448,22.02
JUBLFOOD,EQ,09-Jan-18,1931,1929,1931.85,1903.4,1923.05,1922,1919.8,377933,725554513.2,13570,112064,29.65
JUBLFOOD,EQ,10-Jan-18,1922,1943.15,1967,1910.4,1920.5,1920.5,1935.15,720309,1393907602,23553,95700,13.29
JUBLFOOD,EQ,11-Jan-18,1920.5,1925,1943.4,1905,1916.3,1923.4,1923.98,397754,765271004.8,17604,122266,30.74
JUBLFOOD,EQ,12-Jan-18,1923.4,1947,1950,1895,1903.05,1909.95,1919.32,532907,1022818382,30407,162610,30.51
JUBLFOOD,EQ,15-Jan-18,1909.95,1929,1932.8,1878.6,1900,1894.9,1900.98,452435,860070093.5,17508,117711,26.02
JUBLFOOD,EQ,16-Jan-18,1894.9,1901,1919.1,1865,1902.5,1899.55,1900.16,723285,1374360366,40311,246960,34.14
JUBLFOOD,EQ,17-Jan-18,1899.55,1891.1,1922,1879,1922,1906.25,1904.48,657539,1252268517,26742,247481,37.64
JUBLFOOD,EQ,18-Jan-18,1906.25,1920,1986.5,1920,1949.9,1943.35,1957.9,1463218,2864837596,46266,260142,17.78
JUBLFOOD,EQ,19-Jan-18,1943.35,1949.95,2112.9,1943.4,2101,2093.3,2031.46,5277319,10720660229,149113,621297,11.77
JUBLFOOD,EQ,22-Jan-18,2093.3,2155,2299,2141.55,2269.5,2273.3,2225.84,6219270,13843128444,191483,1197756,19.26
JUBLFOOD,EQ,23-Jan-18,2273.3,2276.8,2330.9,2200.55,2294,2283,2284.99,2337022,5340076229,78992,284349,12.17
JUBLFOOD,EQ,24-Jan-18,2283,2265.55,2323,2252.05,2272.25,2273.4,2280.89,1168325,2664815747,53095,169402,14.5
JUBLFOOD,EQ,25-Jan-18,2273.4,2273,2283.5,2195.85,2202.05,2210.2,2225.25,1648800,3668992645,54670,474163,28.76
JUBLFOOD,EQ,29-Jan-18,2210.2,2224,2226.05,2152.75,2179,2167.75,2177.6,622192,1354885451,33071,203965,32.78
JUBLFOOD,EQ,30-Jan-18,2167.75,2164.55,2205,2128,2134,2138.25,2168.25,922573,2000369732,45626,228635,24.78
JUBLFOOD,EQ,31-Jan-18,2138.25,2148,2148.4,2026,2039.65,2043.2,2067.55,1180069,2439850161,66038,327965,27.79
JUBLFOOD,EQ,01-Feb-18,2043.2,2053.45,2094,1991.35,2044,2047.35,2055.57,1086776,2233947398,45537,273288,25.15
JUBLFOOD,EQ,02-Feb-18,2047.35,2000,2036.9,1942.05,2012.5,2006.2,2000.99,1012110,2025224100,37820,216571,21.4
JUBLFOOD,EQ,05-Feb-18,2006.2,1960,2043,1951,1957,1959.35,1979.7,996002,1971780572,37438,223238,22.41
JUBLFOOD,EQ,06-Feb-18,1959.35,1805,2020,1803.2,1988,1979.1,1929.14,1389047,2679671099,56768,222681,16.03
JUBLFOOD,EQ,07-Feb-18,1979.1,2003.9,2037.9,1975,2006.8,1999.95,2001.11,688601,1377963544,27009,117367,17.04
JUBLFOOD,EQ,08-Feb-18,1999.95,2026,2041,1981,2005,1999.9,2010.88,857848,1725025871,51311,259846,30.29
JUBLFOOD,EQ,09-Feb-18,1999.9,1930.05,2019.9,1930.05,2019.9,1998.7,1982.1,665951,1319981252,33641,144576,21.71
JUBLFOOD,EQ,12-Feb-18,1998.7,2015.05,2056.95,2015.05,2030,2026.65,2036.54,653313,1330495173,31329,129740,19.86
JUBLFOOD,EQ,14-Feb-18,2026.65,2054,2058,2023.55,2030,2042.5,2040.4,492952,1005821084,24697,143797,29.17
JUBLFOOD,EQ,15-Feb-18,2042.5,2042.5,2114,1990.55,2010,2011.9,2061.2,1662514,3426771505,53657,248314,14.94
JUBLFOOD,EQ,16-Feb-18,2011.9,2028,2039.85,1936,1963.85,1951.65,1977.81,1086108,2148120671,41288,165801,15.27
JUBLFOOD,EQ,19-Feb-18,1951.65,1966.3,2018.2,1910,2008,1993.85,1950.07,1075766,2097815839,34569,206068,19.16
JUBLFOOD,EQ,20-Feb-18,1993.85,2018.7,2028.5,1976.3,1989,1997.2,2005.12,819579,1643353659,32247,77226,9.42
JUBLFOOD,EQ,21-Feb-18,1997.2,2016.9,2016.9,1966.1,1990,1990.3,1988.19,533111,1059926508,32237,79213,14.86
JUBLFOOD,EQ,22-Feb-18,1990.3,1974,2005,1963.85,1965.25,1974.9,1983.49,566338,1123325508,19636,152777,26.98
JUBLFOOD,EQ,23-Feb-18,1974.9,1979.3,2019.65,1979,2004,2003.3,2004.54,593887,1190469937,21133,90374,15.22
JUBLFOOD,EQ,26-Feb-18,2003.3,2018.55,2020,1985.55,2004,2000.6,1998.29,831646,1661868134,31639,350714,42.17
JUBLFOOD,EQ,27-Feb-18,2000.6,2021,2056,2004,2040.95,2038.35,2035.24,1277154,2599320617,44892,156543,12.26
JUBLFOOD,EQ,28-Feb-18,2038.35,2006,2052,2006,2031.5,2034,2034.29,498823,1014749283,19629,53761,10.78
JUBLFOOD,EQ,01-Mar-18,2034,2039.95,2047.3,1995.65,2006.1,2005.85,2017.76,423544,854611118.3,16386,87469,20.65
JUBLFOOD,EQ,05-Mar-18,2005.85,2005,2018.9,1975.25,1998.5,1997.6,1996.9,499605,997661430.5,24100,102272,20.47
JUBLFOOD,EQ,06-Mar-18,1997.6,2006,2040.95,1972.2,1979.6,1989.25,2016.46,866691,1747648476,34685,169855,19.6
JUBLFOOD,EQ,07-Mar-18,1989.25,1990,2005,1969,1986,1978.25,1984.09,499818,991682070.9,18435,37079,7.42
JUBLFOOD,EQ,08-Mar-18,1978.25,1991,2021,1962,2020,2010.45,1992.35,503731,1003606177,19930,111296,22.09
JUBLFOOD,EQ,09-Mar-18,2010.45,2020,2080,2010,2060.3,2060.3,2052.73,1376180,2824925514,56383,239651,17.41
JUBLFOOD,EQ,12-Mar-18,2060.3,2090,2098,2061.4,2075,2084.05,2081.9,882266,1836791265,34503,144761,16.41
JUBLFOOD,EQ,13-Mar-18,2084.05,2075,2098.5,2047,2059,2060.1,2075.68,524075,1087811126,24915,79158,15.1
JUBLFOOD,EQ,14-Mar-18,2060.1,2047,2086.2,2045.3,2083,2078.95,2064.9,416793,860635085.6,18448,70794,16.99
JUBLFOOD,EQ,15-Mar-18,2078.95,2091,2160,2085.25,2159.95,2147.1,2131.85,1520066,3240547348,60989,428932,28.22
JUBLFOOD,EQ,16-Mar-18,2147.1,2151,2170,2100.2,2119.05,2111.65,2136.08,825718,1763797235,48321,227609,27.56
JUBLFOOD,EQ,19-Mar-18,2111.65,2125,2161.3,2094.4,2113.15,2113.15,2126.15,988750,2102234370,35639,144725,14.64
JUBLFOOD,EQ,20-Mar-18,2113.15,2103,2133.85,2091.5,2129,2121.8,2119.57,621810,1317971075,23277,133078,21.4
JUBLFOOD,EQ,21-Mar-18,2121.8,2144,2215.45,2135.05,2203,2207.35,2181.15,1619899,3533236640,61853,396775,24.49
JUBLFOOD,EQ,22-Mar-18,2207.35,2220.95,2300,2215,2265.45,2275,2265.69,3282766,7437723413,110586,714374,21.76
JUBLFOOD,EQ,23-Mar-18,2275,2233,2297.9,2220,2270,2277.05,2273.05,1939420,4408395773,73850,219740,11.33
JUBLFOOD,EQ,26-Mar-18,2277.05,2299.95,2354.5,2282.05,2347.3,2344,2330.6,2186647,5096204554,73213,358190,16.38
JUBLFOOD,EQ,27-Mar-18,2344,2367.95,2396,2320.65,2348.5,2341.05,2370.15,1490655,3533073576,58458,193012,12.95
JUBLFOOD,EQ,28-Mar-18,2341.05,2345,2364,2310.75,2323,2325.85,2333.93,1328797,3101314966,54211,253213,19.06
JUBLFOOD,EQ,02-Apr-18,2325.85,2350,2367,2335.55,2357.55,2356.1,2350.44,484866,1139649570,22438,66766,13.77
JUBLFOOD,EQ,03-Apr-18,2356.1,2368,2379.95,2302.2,2329.95,2329.15,2329.46,992288,2311491172,36315,225367,22.71
JUBLFOOD,EQ,04-Apr-18,2329.15,2329,2345,2296.45,2312,2309.3,2320.34,708423,1643780504,26320,96277,13.59
JUBLFOOD,EQ,05-Apr-18,2309.3,2330,2343.85,2315,2339.85,2335.35,2328.92,315803,735481077.7,11711,49065,15.54
JUBLFOOD,EQ,06-Apr-18,2335.35,2335,2437.6,2322.55,2427,2430.35,2401.21,1888980,4535838607,62604,201417,10.66
JUBLFOOD,EQ,09-Apr-18,2430.35,2450,2487,2436.4,2449.35,2453.15,2460.34,1441401,3546331527,52808,230268,15.98
JUBLFOOD,EQ,10-Apr-18,2453.15,2464,2465.9,2407,2433,2428.6,2430.24,706447,1716838568,28927,91266,12.92
JUBLFOOD,EQ,11-Apr-18,2428.6,2436,2490.85,2424.75,2486.35,2486.35,2468.11,1128564,2785415167,40436,107483,9.52
JUBLFOOD,EQ,12-Apr-18,2486.35,2495.95,2522,2471,2482.3,2477.5,2497.15,1314332,3282079670,47926,177046,13.47
JUBLFOOD,EQ,13-Apr-18,2477.5,2485,2511.8,2454,2494,2493.75,2487.16,855946,2128878228,34320,133221,15.56
JUBLFOOD,EQ,16-Apr-18,2493.75,2473,2502.4,2463.5,2482.85,2484.15,2483.45,611421,1518430493,22731,136361,22.3
JUBLFOOD,EQ,17-Apr-18,2484.15,2491.1,2538.7,2477.05,2514,2514.75,2518.38,1083596,2728904933,36002,129964,11.99
JUBLFOOD,EQ,18-Apr-18,2514.75,2514.75,2532.2,2478.45,2487.4,2486.9,2502.39,511719,1280519609,20449,58387,11.41
JUBLFOOD,EQ,19-Apr-18,2486.9,2505.5,2511.25,2470,2481,2478.55,2484.53,477367,1186032111,27846,89321,18.71
JUBLFOOD,EQ,20-Apr-18,2478.55,2448.2,2473.4,2430.3,2450,2445.85,2447.26,637112,1559177451,28496,199991,31.39
JUBLFOOD,EQ,23-Apr-18,2445.85,2451,2482.35,2421.65,2465,2460.55,2458.69,551997,1357188136,20361,136233,24.68
JUBLFOOD,EQ,24-Apr-18,2460.55,2490,2490,2432.85,2454,2448.35,2451.73,343207,841452224.1,14988,45468,13.25
JUBLFOOD,EQ,25-Apr-18,2448.35,2442.4,2481,2435,2454,2457.75,2462.79,465933,1147494461,21871,112930,24.24
JUBLFOOD,EQ,26-Apr-18,2457.75,2460,2539.8,2449,2526,2525.8,2509.97,1195758,3001322520,45192,257768,21.56
JUBLFOOD,EQ,27-Apr-18,2525.8,2539,2565.85,2511.1,2554.45,2551.35,2542.57,675460,1717403402,27473,114508,16.95
JUBLFOOD,EQ,30-Apr-18,2551.35,2522,2565.1,2522,2547.9,2540.25,2542.18,291989,742289302.4,21722,74169,25.4
JUBLFOOD,EQ,02-May-18,2540.25,2555,2594.8,2520.15,2555.1,2549.8,2568.93,602449,1547647274,23872,132153,21.94
JUBLFOOD,EQ,03-May-18,2549.8,2549.4,2590,2524.25,2550,2546,2549.44,491955,1254208262,26254,122084,24.82
JUBLFOOD,EQ,04-May-18,2546,2549.9,2575,2540.45,2572,2565.3,2560.24,333973,855052359.8,16466,72180,21.61
JUBLFOOD,EQ,07-May-18,2565.3,2583,2628.5,2573,2614,2605.15,2605.37,972116,2532721978,50888,274381,28.23
JUBLFOOD,EQ,08-May-18,2605.15,2633,2668.8,2535.6,2555.95,2560.35,2598.13,4867929,12647503646,216991,655758,13.47
JUBLFOOD,EQ,09-May-18,2560.35,2590,2645,2540,2548.95,2555.1,2600.02,2480681,6449815375,103940,292998,11.81
JUBLFOOD,EQ,10-May-18,2555.1,2560,2583.45,2463,2478,2474.6,2506.01,1693538,4244022902,70772,194577,11.49
JUBLFOOD,EQ,11-May-18,2474.6,2478,2515,2433,2477.9,2477.85,2477.65,1325718,3284667224,52794,327923,24.74
JUBLFOOD,EQ,14-May-18,2477.85,2485,2498.05,2423,2437.45,2437.8,2460.1,466802,1148377683,22459,97631,20.91
JUBLFOOD,EQ,15-May-18,2437.8,2441,2482,2388.4,2401,2400.45,2432.81,927796,2257154516,46912,168490,18.16
JUBLFOOD,EQ,16-May-18,2400.45,2395,2470.25,2381.55,2468,2457.25,2430.22,812412,1974341582,43922,157788,19.42
JUBLFOOD,EQ,17-May-18,2457.25,2480,2485,2433.6,2455,2449.9,2454.95,623180,1529877176,40130,180336,28.94
JUBLFOOD,EQ,18-May-18,2449.9,2445,2519,2443.7,2513,2497.85,2488.4,956317,2379695049,41148,188407,19.7
JUBLFOOD,EQ,21-May-18,2497.85,2513,2545.9,2490.25,2524.95,2527.25,2521.9,842140,2123793698,41208,159689,18.96
JUBLFOOD,EQ,22-May-18,2527.25,2520,2543.6,2500.5,2517.15,2512.8,2522.86,400527,1010474160,21486,64877,16.2
JUBLFOOD,EQ,23-May-18,2512.8,2519.95,2581.95,2514,2574,2565.3,2559.3,889208,2275750258,46568,317809,35.74
JUBLFOOD,EQ,24-May-18,2565.3,2575,2667.45,2566.05,2662,2653.7,2623.9,911079,2390579903,43776,179934,19.75
JUBLFOOD,EQ,25-May-18,2653.7,2670,2696,2650.95,2660,2662.05,2673.6,753693,2015071824,42692,151792,20.14
JUBLFOOD,EQ,28-May-18,2662.05,2665.1,2750,2645.1,2725,2730.4,2720.07,971711,2643117611,45677,138333,14.24
JUBLFOOD,EQ,29-May-18,2730.4,2700,2700,2565,2572,2576.45,2614.23,1581977,4135655471,67128,413511,26.14
JUBLFOOD,EQ,30-May-18,2576.45,2621,2664,2495,2514,2506.15,2570.6,3174937,8161485902,141383,401455,12.64
JUBLFOOD,EQ,31-May-18,2506.15,2560,2574.9,2497.6,2507.1,2508.6,2527.26,1439316,3637519096,71637,212353,14.75
JUBLFOOD,EQ,01-Jun-18,2508.6,2524.15,2545,2470.05,2501,2501.1,2503,921980,2307714877,48710,156108,16.93
JUBLFOOD,EQ,04-Jun-18,2501.1,2523.9,2576.8,2470.1,2549,2561.15,2542.68,1327445,3375272924,80099,381744,28.76
JUBLFOOD,EQ,05-Jun-18,2561.15,2563.9,2597,2538,2572,2564.4,2568.49,989980,2542750055,49942,246699,24.92
JUBLFOOD,EQ,06-Jun-18,2564.4,2577,2638.5,2560,2631,2631.55,2599.28,892316,2319374791,41927,158071,17.71
JUBLFOOD,EQ,07-Jun-18,2631.55,2650,2685.6,2620.4,2655,2656.1,2656.12,810288,2152219514,45603,176563,21.79
JUBLFOOD,EQ,08-Jun-18,2656.1,2659.75,2688,2630.45,2678,2679.25,2661.4,649150,1727649151,38878,113202,17.44
JUBLFOOD,EQ,11-Jun-18,2679.25,2690,2735.9,2682,2693,2697.85,2712.16,734729,1992699681,34548,160208,21.81
JUBLFOOD,EQ,12-Jun-18,2697.85,2713,2723.8,2682.7,2700,2697.3,2700.8,484839,1309451236,24840,89202,18.4
JUBLFOOD,EQ,13-Jun-18,2697.3,2718,2729.9,2660.9,2675,2670.6,2699.7,735447,1985487912,36093,115961,15.77
JUBLFOOD,EQ,14-Jun-18,2670.6,2675,2729,2670,2726,2721.45,2693.42,963032,2593846702,33811,395721,41.09
JUBLFOOD,EQ,15-Jun-18,2721.45,2739,2784,2720,2770,2765.3,2749.4,1421623,3908604241,46286,457181,32.16
JUBLFOOD,EQ,18-Jun-18,2765.3,2770,2817.9,2751.55,2806,2810.7,2788.86,1069147,2981699123,45188,208249,19.48
JUBLFOOD,EQ,19-Jun-18,2810.7,2789,2806.8,2740,2747.55,2751.55,2766.35,713690,1974317636,45183,176557,24.74
JUBLFOOD,EQ,20-Jun-18,2751.55,2760,2768,2711.3,2726.3,2723,2741.98,859394,2356437403,51174,270875,31.52
JUBLFOOD,EQ,21-Jun-18,2723,1368,1385.25,1350.7,1361.8,1356.65,1360.09,710681,966591108.6,29957,94301,13.27
JUBLFOOD,EQ,22-Jun-18,1356.65,1360.9,1400,1353.05,1392.85,1394.55,1386.71,1726396,2394002019,53118,130362,7.55
JUBLFOOD,EQ,25-Jun-18,1394.55,1390,1417.5,1386.35,1398,1394.85,1402.14,1042571,1461832528,30588,147659,14.16
JUBLFOOD,EQ,26-Jun-18,1394.85,1391.1,1415,1381,1406.5,1406.65,1401.82,950864,1332944661,33400,186809,19.65
JUBLFOOD,EQ,27-Jun-18,1406.65,1417.65,1431.85,1385,1391,1390.3,1410.52,1625532,2292841503,57043,314776,19.36
JUBLFOOD,EQ,28-Jun-18,1390.3,1393,1402,1355.4,1374,1364.3,1376.67,1282427,1765476326,41786,376590,29.37
JUBLFOOD,EQ,29-Jun-18,1364.3,1374,1394.9,1365.15,1394.75,1386.45,1378.91,688648,949583272,42122,165947,24.1
JUBLFOOD,EQ,02-Jul-18,1386.45,1396,1430,1377.2,1417,1408.65,1397.45,902871,1261720222,33400,182311,20.19
JUBLFOOD,EQ,03-Jul-18,1408.65,1417,1438,1408.1,1431.85,1431.85,1423.37,1460747,2079190056,58533,319851,21.9
JUBLFOOD,EQ,04-Jul-18,1431.85,1435,1439.45,1418.5,1432.95,1428.9,1429.46,980448,1401509759,37270,311499,31.77
JUBLFOOD,EQ,05-Jul-18,1428.9,1426.5,1426.5,1410,1417,1416.5,1417.36,645774,915295833.7,39154,194061,30.05
JUBLFOOD,EQ,06-Jul-18,1416.5,1419,1420,1348.4,1367.9,1365.45,1381.44,1812180,2503425934,66751,544627,30.05
JUBLFOOD,EQ,09-Jul-18,1365.45,1378.95,1415.5,1370,1415.5,1411.85,1397.85,1728540,2416238203,69778,386238,22.34
JUBLFOOD,EQ,10-Jul-18,1411.85,1424.9,1434.9,1405.9,1417.1,1415.65,1421.14,1129887,1605725829,45676,253571,22.44
JUBLFOOD,EQ,11-Jul-18,1415.65,1412,1440,1405.65,1429,1427.95,1429.23,977089,1396487651,40476,198337,20.3
JUBLFOOD,EQ,12-Jul-18,1427.95,1439.9,1444.95,1415,1426,1424.6,1427.87,798731,1140481911,36590,148953,18.65
JUBLFOOD,EQ,13-Jul-18,1424.6,1429,1436,1396,1412,1408.7,1412.35,765549,1081221329,40584,151823,19.83
JUBLFOOD,EQ,16-Jul-18,1408.7,1408.7,1444.15,1401.45,1420.6,1419.6,1425.4,1505919,2146544353,68355,384809,25.55
JUBLFOOD,EQ,17-Jul-18,1419.6,1424.95,1435.7,1412.4,1428,1428.45,1426.11,1067706,1522661437,45527,249216,23.34
JUBLFOOD,EQ,18-Jul-18,1428.45,1435,1440,1407,1424,1418.45,1423.48,838192,1193152000,38190,240360,28.68
JUBLFOOD,EQ,19-Jul-18,1418.45,1419.15,1430,1410,1417.85,1415.95,1417.93,537723,762454689.6,32540,195708,36.4
JUBLFOOD,EQ,20-Jul-18,1415.95,1424,1499,1413.05,1482,1481.4,1475.56,2498313,3686411682,112265,515327,20.63
JUBLFOOD,EQ,23-Jul-18,1481.4,1491.15,1493,1375.35,1449,1450.3,1442.88,1749298,2524025052,67455,301044,17.21
JUBLFOOD,EQ,24-Jul-18,1450.3,1451.75,1457,1411,1440,1437.3,1431.94,1418423,2031091988,62385,341336,24.06
JUBLFOOD,EQ,25-Jul-18,1437.3,1449.9,1490,1377,1394.3,1400.35,1437.5,7507974,10792691934,229733,856534,11.41
JUBLFOOD,EQ,26-Jul-18,1400.35,1425,1438,1387.6,1393,1396.4,1411.58,3907259,5515397446,117229,956328,24.48
JUBLFOOD,EQ,27-Jul-18,1396.4,1395,1421,1375.5,1415.2,1415.15,1402.89,1545485,2168148356,60207,389984,25.23
JUBLFOOD,EQ,30-Jul-18,1415.15,1420,1441.5,1408.35,1419.25,1420,1426.99,1266145,1806774977,43683,278018,21.96
JUBLFOOD,EQ,31-Jul-18,1420,1423,1423,1400,1406,1404.9,1407.78,827286,1164638032,29224,283635,34.28
JUBLFOOD,EQ,01-Aug-18,1404.9,1409,1413,1382.6,1395,1395.7,1398.67,1311379,1834181724,52636,402355,30.68
JUBLFOOD,EQ,02-Aug-18,1395.7,1395,1432.2,1387.35,1420,1417.65,1419.86,1497620,2126404137,50290,322699,21.55
JUBLFOOD,EQ,03-Aug-18,1417.65,1428,1464.45,1423.25,1451.5,1451.5,1448.5,2488860,3605125245,61953,991429,39.83
JUBLFOOD,EQ,06-Aug-18,1451.5,1463,1502,1455,1502,1493.2,1481.11,1753655,2597354546,45037,723358,41.25
JUBLFOOD,EQ,07-Aug-18,1493.2,1509.75,1528,1484,1490,1491.2,1507.78,2322521,3501844914,68814,433007,18.64
JUBLFOOD,EQ,08-Aug-18,1491.2,1491.45,1518.4,1488.1,1498.65,1499.45,1504.38,1010066,1519521504,52582,311635,30.85
JUBLFOOD,EQ,09-Aug-18,1499.45,1505,1523,1491.55,1498,1498.8,1505.58,934588,1407099119,27027,366414,39.21
JUBLFOOD,EQ,10-Aug-18,1498.8,1498,1529.8,1495.9,1522.6,1521.4,1518.36,1275578,1936791406,38314,337474,26.46
JUBLFOOD,EQ,13-Aug-18,1521.4,1520.95,1523.65,1497,1504.5,1502.2,1511.52,853357,1289863787,38582,210390,24.65
JUBLFOOD,EQ,14-Aug-18,1502.2,1508.8,1519,1502.5,1505.15,1507.1,1511.13,622918,941312149,16373,191344,30.72
JUBLFOOD,EQ,16-Aug-18,1507.1,1504,1539.5,1500,1510,1509.55,1524.51,1443475,2200596509,58739,386475,26.77
JUBLFOOD,EQ,17-Aug-18,1509.55,1519.8,1524.8,1505.45,1511.5,1510.5,1514.1,637693,965530706.6,20910,152085,23.85
JUBLFOOD,EQ,20-Aug-18,1510.5,1518,1522,1505.45,1512.3,1512.6,1514.1,352076,533078901.9,19331,62246,17.68
JUBLFOOD,EQ,21-Aug-18,1512.6,1522.75,1532.5,1505.7,1519,1519.2,1520.7,587258,893044787.2,20633,131217,22.34
JUBLFOOD,EQ,23-Aug-18,1519.2,1520.05,1526.85,1495.9,1502,1504.9,1508.26,682064,1028731747,35982,264804,38.82
JUBLFOOD,EQ,24-Aug-18,1504.9,1505,1544.9,1505,1527,1522.45,1529,1375051,2102452494,40994,194093,14.12
JUBLFOOD,EQ,27-Aug-18,1522.45,1534.85,1558,1522,1557.3,1551.5,1541.71,1131085,1743801948,33192,235819,20.85
JUBLFOOD,EQ,28-Aug-18,1551.5,1566,1578,1556.35,1556.65,1564.25,1567.23,1047002,1640891707,29741,207566,19.82
JUBLFOOD,EQ,29-Aug-18,1564.25,1560,1568,1545,1548.25,1549.15,1554.28,424655,660034777.8,13818,65989,15.54
JUBLFOOD,EQ,30-Aug-18,1549.15,1550,1562.4,1522.3,1527.35,1526.05,1537.78,1640069,2522068522,34871,857955,52.31
JUBLFOOD,EQ,31-Aug-18,1526.05,1527.9,1560,1523.1,1557.1,1549.35,1539.62,710787,1094341560,26254,174965,24.62
JUBLFOOD,EQ,03-Sep-18,1549.35,1556.7,1558,1518.8,1526.3,1526.25,1541.21,430144,662942390,13529,70930,16.49
JUBLFOOD,EQ,04-Sep-18,1526.25,1526,1526.9,1436.7,1449.65,1448.75,1459.1,1714015,2500913123,61751,354286,20.67
JUBLFOOD,EQ,05-Sep-18,1448.75,1445,1461.8,1390.6,1430,1432.1,1425.98,1337839,1907729332,47834,282424,21.11
JUBLFOOD,EQ,06-Sep-18,1432.1,1438,1451,1405.4,1416.2,1416.95,1425.56,1055786,1505082508,52168,376852,35.69
JUBLFOOD,EQ,07-Sep-18,1416.95,1419.95,1422.7,1394.9,1409.05,1408.8,1407.35,970102,1365271241,31978,356861,36.79
JUBLFOOD,EQ,10-Sep-18,1408.8,1407.7,1423,1386,1390,1390.55,1402.61,762887,1070034390,29922,155666,20.4
JUBLFOOD,EQ,11-Sep-18,1390.55,1396.1,1403,1345.2,1361,1353.3,1370.49,1062031,1455500814,38015,445518,41.95
JUBLFOOD,EQ,12-Sep-18,1353.3,1360,1360,1308.4,1344,1345.1,1329.63,1814063,2412038930,73249,725641,40
JUBLFOOD,EQ,14-Sep-18,1345.1,1352,1366,1326,1335,1335.75,1340.01,1082952,1451170271,43554,365315,33.73
JUBLFOOD,EQ,17-Sep-18,1335.75,1324,1366,1315.35,1359,1358.95,1343.88,1288984,1732240505,43748,371229,28.8
JUBLFOOD,EQ,18-Sep-18,1358.95,1364,1415,1358.3,1380.95,1387.35,1392.97,2571311,3581754497,102953,374542,14.57
JUBLFOOD,EQ,19-Sep-18,1387.35,1395.75,1402.3,1321,1332,1332.2,1348.2,1423873,1919671177,55224,386696,27.16
JUBLFOOD,EQ,21-Sep-18,1332.2,1350,1353,1132.4,1299.5,1303.7,1292.25,2513560,3248154965,85741,575844,22.91
JUBLFOOD,EQ,24-Sep-18,1303.7,1302,1343.2,1260.1,1267,1274.1,1293,799885,1034249134,35198,160777,20.1
JUBLFOOD,EQ,25-Sep-18,1274.1,1264,1296.5,1245,1257,1260.05,1271.37,882793,1122358084,31645,117037,13.26
JUBLFOOD,EQ,26-Sep-18,1260.05,1269.5,1306.4,1262.65,1286.1,1292,1292.39,1222852,1580399683,47337,390691,31.95
JUBLFOOD,EQ,27-Sep-18,1292,1293.9,1314.9,1233.15,1239,1238.95,1268.42,1737643,2204068476,54556,522969,30.1
JUBLFOOD,EQ,28-Sep-18,1238.95,1248.8,1274,1180,1241.8,1229.75,1234.49,2087782,2577347389,70738,631206,30.23
JUBLFOOD,EQ,01-Oct-18,1229.75,1240,1258,1205,1247,1240.75,1231.22,1128958,1389999255,34914,153213,13.57
JUBLFOOD,EQ,03-Oct-18,1240.75,1241,1241,1180.1,1187,1192.1,1210.23,1286107,1556484092,47741,348771,27.12
JUBLFOOD,EQ,04-Oct-18,1192.1,1162,1184.55,1104,1119.95,1125.7,1139.61,2071441,2360634668,79838,551083,26.6
JUBLFOOD,EQ,05-Oct-18,1125.7,1117.2,1174.85,1080.4,1148,1152.05,1140.11,1956290,2230384115,63909,360071,18.41
JUBLFOOD,EQ,08-Oct-18,1152.05,1156,1193.95,1119.2,1178,1183.15,1157.97,1407408,1629741538,46106,303233,21.55
JUBLFOOD,EQ,09-Oct-18,1183.15,1187,1193.8,1141,1150,1153.4,1161.87,1277204,1483943515,44785,253478,19.85
JUBLFOOD,EQ,10-Oct-18,1153.4,1153.4,1204.9,1153.4,1193,1190.9,1189.13,1276596,1518040889,40629,392382,30.74
JUBLFOOD,EQ,11-Oct-18,1190.9,1154.95,1194,1120.8,1135.15,1144.8,1156.22,1314444,1519780536,40463,329709,25.08
JUBLFOOD,EQ,12-Oct-18,1144.8,1151.4,1195.4,1150,1188.1,1187.3,1182.37,1014080,1199014066,36059,216128,21.31
JUBLFOOD,EQ,15-Oct-18,1187.3,1188.15,1194.4,1156,1175.4,1176,1176.09,788857,927764241,25620,204183,25.88
JUBLFOOD,EQ,16-Oct-18,1176,1187,1239,1181.5,1220,1217.9,1221.19,1767581,2158558531,64269,230240,13.03
JUBLFOOD,EQ,17-Oct-18,1217.9,1235,1264,1195.6,1206.85,1208,1229,1453993,1786954336,44274,480905,33.07
JUBLFOOD,EQ,19-Oct-18,1208,1198,1275,1192.15,1275,1268.3,1246.69,1789306,2230715015,64232,481494,26.91
JUBLFOOD,EQ,22-Oct-18,1268.3,1284.9,1293.6,1230,1240,1234.6,1262.08,1289684,1627681859,58231,153559,11.91
JUBLFOOD,EQ,23-Oct-18,1234.6,1224.6,1247.5,1171,1201,1198.9,1205.74,1638747,1975907221,48724,366697,22.38
JUBLFOOD,EQ,24-Oct-18,1198.9,1210.1,1250,1167,1192.85,1193.45,1211.35,4559062,5522600990,139615,544641,11.95
JUBLFOOD,EQ,25-Oct-18,1193.45,1164.05,1166.8,1065.2,1074.1,1074.1,1101.59,5604538,6173916149,163612,1187902,21.2
JUBLFOOD,EQ,26-Oct-18,1074.1,1070,1081.5,977,1050,1055.55,1038.65,4265919,4430800638,162445,747840,17.53
JUBLFOOD,EQ,29-Oct-18,1055.55,1065,1105,1047.1,1090.5,1093.45,1085.07,1813832,1968137492,51401,332788,18.35
JUBLFOOD,EQ,30-Oct-18,1093.45,1090,1096.4,1050,1061.9,1065.05,1068.47,1848454,1975018059,58552,451949,24.45
JUBLFOOD,EQ,31-Oct-18,1065.05,1070,1089,1012.45,1081.45,1083.5,1045.15,3360642,3512370439,104957,918262,27.32
JUBLFOOD,EQ,01-Nov-18,1083.5,1089.95,1144.5,1074.2,1107.8,1104.45,1113.12,3497318,3892948983,95889,1017999,29.11
JUBLFOOD,EQ,02-Nov-18,1104.45,1115,1143.3,1060.1,1083.5,1080.1,1105.34,2319126,2563426632,74600,565348,24.38
JUBLFOOD,EQ,05-Nov-18,1080.1,1084.8,1084.95,1045,1054.1,1052.1,1058,1654893,1750875292,57154,476193,28.77
JUBLFOOD,EQ,06-Nov-18,1052.1,1059.7,1078.45,1036.65,1044,1043.3,1055.08,1482310,1563961520,44073,417394,28.16
JUBLFOOD,EQ,07-Nov-18,1043.3,1060,1062.7,1044,1051,1047.8,1048.67,187976,197125124,6381,40979,21.8
JUBLFOOD,EQ,09-Nov-18,1047.8,1054.7,1093.4,1047.5,1088.75,1089.35,1077.03,1974434,2126532976,73112,562118,28.47
JUBLFOOD,EQ,12-Nov-18,1089.35,1092.35,1111,1077,1103,1100.95,1094.49,1564161,1711964060,44668,251044,16.05
JUBLFOOD,EQ,13-Nov-18,1100.95,1102.85,1157.3,1084.5,1157,1151.35,1127.21,2747549,3097055931,84585,510144,18.57
JUBLFOOD,EQ,14-Nov-18,1151.35,1160.9,1178,1144.35,1152,1154.45,1160.86,1682757,1953440879,48620,133479,7.93
JUBLFOOD,EQ,15-Nov-18,1154.45,1158.8,1198.7,1151,1197,1192.5,1182.19,1818864,2150234030,51207,273869,15.06
JUBLFOOD,EQ,16-Nov-18,1192.5,1199.45,1222,1173.05,1188,1191.1,1199.5,2025529,2429617387,66218,376363,18.58
JUBLFOOD,EQ,19-Nov-18,1191.1,1199.7,1215.9,1174,1209,1207.6,1195.96,1220803,1460033339,40659,129286,10.59
JUBLFOOD,EQ,20-Nov-18,1207.6,1209.95,1227.95,1205,1210.9,1214.2,1218.07,1560063,1900267599,47758,209960,13.46
JUBLFOOD,EQ,21-Nov-18,1214.2,1214,1223.9,1195,1223.9,1213.95,1207.7,1213947,1466080281,42372,130273,10.73
JUBLFOOD,EQ,22-Nov-18,1213.95,1223.9,1225,1205.1,1209.6,1211.4,1216.71,869826,1058322800,28787,103044,11.85
JUBLFOOD,EQ,26-Nov-18,1211.4,1217.7,1236.3,1213.2,1229,1228.95,1226.55,1221513,1498246965,36766,140022,11.46
JUBLFOOD,EQ,27-Nov-18,1228.95,1229.4,1247,1215.5,1246,1243.4,1232.61,1167044,1438514935,44138,280652,24.05
JUBLFOOD,EQ,28-Nov-18,1243.4,1244,1254,1235,1244,1244.8,1244.79,1275957,1588299841,39722,267708,20.98
JUBLFOOD,EQ,29-Nov-18,1244.8,1248.1,1250,1224,1228,1228.65,1231.2,1127323,1387955131,32852,376980,33.44
JUBLFOOD,EQ,30-Nov-18,1228.65,1234,1272.65,1220,1266.1,1258.05,1248.36,1245114,1554354808,41035,360765,28.97
JUBLFOOD,EQ,03-Dec-18,1258.05,1264.85,1355,1254.05,1321,1329.95,1318.2,3876048,5109422036,118952,754068,19.45
JUBLFOOD,EQ,04-Dec-18,1329.95,1321,1348,1315,1336,1335.75,1334.18,1550693,2068901440,45922,178948,11.54
JUBLFOOD,EQ,05-Dec-18,1335.75,1320,1332.5,1305.05,1320.1,1323.95,1314.81,1055417,1387669351,35185,148325,14.05
JUBLFOOD,EQ,06-Dec-18,1323.95,1308.5,1338.9,1291.9,1298.5,1301.85,1317.54,1425920,1878709549,39921,197687,13.86
JUBLFOOD,EQ,07-Dec-18,1301.85,1304.1,1309.55,1222,1248.5,1243.4,1249.45,2348274,2934044222,74902,504001,21.46
JUBLFOOD,EQ,10-Dec-18,1243.4,1212.55,1229,1187,1196,1198.2,1204.76,1592583,1918684517,47320,137441,8.63
JUBLFOOD,EQ,11-Dec-18,1198.2,1185,1268.4,1164.05,1264,1255.95,1218.88,2057895,2508336546,56115,150357,7.31
JUBLFOOD,EQ,12-Dec-18,1255.95,1265.5,1271.9,1216.7,1233,1232.9,1236.6,2258456,2792796912,64381,562756,24.92
JUBLFOOD,EQ,13-Dec-18,1232.9,1250,1283.9,1240,1244,1251.1,1266.16,2276979,2883011601,75403,216643,9.51
JUBLFOOD,EQ,14-Dec-18,1251.1,1244,1257.8,1225,1249,1246.55,1240.64,1435625,1781097710,43615,292671,20.39
JUBLFOOD,EQ,17-Dec-18,1246.55,1259,1280,1248.55,1279,1276.95,1267.17,1246423,1579434659,40243,172935,13.87
JUBLFOOD,EQ,18-Dec-18,1276.95,1270,1295,1263.2,1288.65,1289.4,1284.25,1677757,2154655137,40964,232914,13.88
JUBLFOOD,EQ,19-Dec-18,1289.4,1304,1349,1299.3,1347.85,1343.65,1333.58,2441586,3256055018,56665,323118,13.23
JUBLFOOD,EQ,20-Dec-18,1343.65,1335,1370,1325,1355,1353.35,1354.56,1826832,2474544595,46245,131313,7.19
JUBLFOOD,EQ,21-Dec-18,1353.35,1358.8,1376,1306,1314.95,1313.5,1335.76,1968751,2629769058,56449,311981,15.85
JUBLFOOD,EQ,24-Dec-18,1313.5,1321.75,1324.75,1213.85,1216.8,1218.95,1246.47,3710907,4625520114,146521,838608,22.6
JUBLFOOD,EQ,26-Dec-18,1218.95,1206.1,1238,1146,1235,1232.85,1196.53,9568927,11449487320,269473,607217,6.35
JUBLFOOD,EQ,27-Dec-18,1232.85,1249.9,1255.9,1215.5,1233.4,1233.4,1234.72,3099448,3826937356,77234,234789,7.58
JUBLFOOD,EQ,28-Dec-18,1233.4,1245,1268.15,1233.8,1246,1248.65,1255.07,2488261,3122952891,60031,187987,7.55
JUBLFOOD,EQ,31-Dec-18,1248.65,1253.7,1262,1241.3,1254,1252,1251.82,1508620,1888524599,33628,102085,6.77
JUBLFOOD,EQ,01-Jan-19,1252,1256.6,1257.65,1243.4,1250.45,1250.85,1250.23,882074,1102796005,22057,46176,5.23
JUBLFOOD,EQ,02-Jan-19,1250.85,1244,1276.2,1229,1237,1239.15,1257.24,2793859,3512544356,69127,313505,11.22
JUBLFOOD,EQ,03-Jan-19,1239.15,1241,1257.1,1235.2,1239,1239.65,1246.3,1517963,1891844005,61879,192621,12.69
JUBLFOOD,EQ,04-Jan-19,1239.65,1244.5,1250.4,1200.25,1210,1212.1,1218.27,2473246,3013093178,70077,285977,11.56
JUBLFOOD,EQ,07-Jan-19,1212.1,1224.5,1236,1208.9,1219,1217.05,1224.28,1211290,1482959779,30735,120611,9.96
JUBLFOOD,EQ,08-Jan-19,1217.05,1226,1248,1213.15,1248,1240.25,1230.7,1432995,1763586081,39312,310480,21.67
JUBLFOOD,EQ,09-Jan-19,1240.25,1249,1265.5,1225,1233,1234.15,1242.92,2226302,2767112049,60254,400686,18
JUBLFOOD,EQ,10-Jan-19,1234.15,1236.85,1243.2,1223.75,1235.95,1233.8,1233.73,853461,1052941894,24231,78166,9.16
JUBLFOOD,EQ,11-Jan-19,1233.8,1240,1252,1230.6,1233.15,1237.6,1241.78,1251272,1553808463,33708,144844,11.58
JUBLFOOD,EQ,14-Jan-19,1237.6,1235,1236,1210.5,1218.9,1214.75,1223.76,895577,1095971581,24735,128323,14.33
JUBLFOOD,EQ,15-Jan-19,1214.75,1223,1243,1218.9,1235,1236,1234.15,989193,1220815950,25966,117192,11.85
JUBLFOOD,EQ,16-Jan-19,1236,1238.9,1243.5,1207.5,1214.75,1214.75,1221.91,1556003,1901296956,50607,502601,32.3
JUBLFOOD,EQ,17-Jan-19,1214.75,1220,1229.5,1198,1215.45,1212.3,1216.72,1845442,2245377107,47101,382164,20.71
JUBLFOOD,EQ,18-Jan-19,1212.3,1222,1227.9,1211.4,1218,1217.95,1219.87,1253983,1529690409,44592,406497,32.42
JUBLFOOD,EQ,21-Jan-19,1217.95,1218,1222,1172,1172.6,1180.6,1192.29,1950472,2325524081,61931,328873,16.86
JUBLFOOD,EQ,22-Jan-19,1180.6,1170,1198,1160,1165,1167.15,1175.14,2912125,3422152226,96514,907396,31.16
JUBLFOOD,EQ,23-Jan-19,1167.15,1167.15,1185,1165.15,1175.8,1173.25,1175.51,1423184,1672972194,42267,390244,27.42
JUBLFOOD,EQ,24-Jan-19,1173.25,1177,1187.9,1165.6,1183,1179.65,1177.32,1660507,1954950769,46270,589330,35.49
JUBLFOOD,EQ,25-Jan-19,1179.65,1185.9,1225.1,1185.35,1198,1197.85,1210.37,2819854,3413058060,77847,593034,21.03
JUBLFOOD,EQ,28-Jan-19,1197.85,1197.4,1212,1183.25,1200,1202.05,1198.41,1239212,1485084625,33338,172590,13.93
JUBLFOOD,EQ,29-Jan-19,1202.05,1198.9,1221.6,1180.1,1211,1195.75,1201.57,1484356,1783557236,42352,223008,15.02
JUBLFOOD,EQ,30-Jan-19,1195.75,1213,1238.9,1173.8,1200.5,1200.2,1211.97,6994644,8477324744,192055,827838,11.84
JUBLFOOD,EQ,31-Jan-19,1200.2,1230,1270.05,1216.85,1263,1258.45,1244.18,5199704,6469360278,131960,1264305,24.31
JUBLFOOD,EQ,01-Feb-19,1258.45,1269.6,1371.35,1250,1362,1357.95,1324.74,6091028,8069013054,131432,1636205,26.86
JUBLFOOD,EQ,04-Feb-19,1357.95,1344,1402.9,1342,1396.35,1396.5,1381.09,3611293,4987513551,95871,536129,14.85
JUBLFOOD,EQ,05-Feb-19,1396.5,1355,1365,1205.4,1305,1303.4,1309.53,9418525,12333871111,269055,1236552,13.13
JUBLFOOD,EQ,06-Feb-19,1303.4,1340,1344.6,1238,1291.4,1293.85,1280.58,9219435,11806199922,246149,1583716,17.18
JUBLFOOD,EQ,07-Feb-19,1293.85,1297,1348,1277.6,1342.5,1341.15,1331.88,3761427,5009784128,97694,393262,10.46
JUBLFOOD,EQ,08-Feb-19,1341.15,1335,1362.25,1321.4,1343,1347,1348.1,2446233,3297769200,70661,419620,17.15
JUBLFOOD,EQ,11-Feb-19,1347,1346.5,1353.5,1303.2,1325.25,1319.55,1321.19,1510329,1995438899,40109,266318,17.63
JUBLFOOD,EQ,12-Feb-19,1319.55,1327,1327.85,1275.1,1292.6,1297.45,1296.11,1983732,2571125336,57185,289710,14.6
JUBLFOOD,EQ,13-Feb-19,1297.45,1305.45,1317.7,1269.15,1275.35,1276.05,1294.93,2171050,2811365712,61495,463982,21.37
JUBLFOOD,EQ,14-Feb-19,1276.05,1280,1317.5,1280,1311.7,1312.7,1301.18,1729499,2250384927,53436,285820,16.53
JUBLFOOD,EQ,15-Feb-19,1312.7,1312.4,1312.6,1275,1300.25,1300.85,1294.28,1250051,1617919285,35864,109700,8.78
JUBLFOOD,EQ,18-Feb-19,1300.85,1300.05,1346.5,1300.05,1334.05,1337.95,1333.63,2136235,2848937823,54758,387866,18.16
JUBLFOOD,EQ,19-Feb-19,1337.95,1340.15,1368,1333,1333,1341.3,1354.04,2557102,3462425555,59704,400150,15.65
JUBLFOOD,EQ,20-Feb-19,1341.3,1341.1,1350.6,1285.2,1289.7,1292.5,1310.1,2797395,3664879680,65952,462318,16.53
JUBLFOOD,EQ,21-Feb-19,1292.5,1295,1327.9,1293.2,1319,1316.3,1317.13,2061410,2715139255,51841,254541,12.35
JUBLFOOD,EQ,22-Feb-19,1316.3,1305,1313.25,1289,1293,1295.2,1297.47,2708759,3514525239,67404,398737,14.72
JUBLFOOD,EQ,25-Feb-19,1295.2,1302,1313.5,1264,1270.8,1268.65,1283.06,2547385,3268445799,57073,635225,24.94
JUBLFOOD,EQ,26-Feb-19,1268.65,1263,1279,1245.75,1274.55,1273.4,1268.13,2064924,2618601939,54287,492315,23.84
JUBLFOOD,EQ,27-Feb-19,1273.4,1287,1293.5,1265,1272,1272.05,1279.14,1467199,1876758740,37998,271311,18.49
JUBLFOOD,EQ,28-Feb-19,1272.05,1281,1297,1263.25,1266.9,1268.75,1281.48,2239670,2870084623,42845,873517,39
JUBLFOOD,EQ,01-Mar-19,1268.75,1277,1282.15,1267.5,1276.8,1276.75,1275.32,1089400,1389334034,29797,271246,24.9
JUBLFOOD,EQ,05-Mar-19,1276.75,1276,1287.95,1261.25,1270.9,1274.25,1271.14,1676607,2131197006,48905,574013,34.24
JUBLFOOD,EQ,06-Mar-19,1274.25,1289.9,1334,1275,1330.4,1327.25,1308.45,3292385,4307915320,75416,879734,26.72
JUBLFOOD,EQ,07-Mar-19,1327.25,1339,1360.8,1316,1327.2,1326.2,1343.86,2296736,3086496813,59144,296188,12.9
JUBLFOOD,EQ,08-Mar-19,1326.2,1327.2,1347.9,1315.1,1345.7,1339.6,1331.21,1357561,1807202616,35984,241510,17.79
JUBLFOOD,EQ,11-Mar-19,1339.6,1347,1375,1341,1371.9,1371.85,1358.92,1563403,2124535352,44477,288089,18.43
JUBLFOOD,EQ,12-Mar-19,1371.85,1380.1,1384,1343.3,1345.1,1349.9,1364.6,1673508,2283662764,38055,314890,18.82
JUBLFOOD,EQ,13-Mar-19,1349.9,1355,1355,1321,1328.55,1325.65,1332.07,1308577,1743110057,52765,287349,21.96
JUBLFOOD,BL,14-Mar-19,145,1312.4,1312.4,1312.4,1312.4,1312.4,1312.4,3959071,5195884780,10,3959071,100
JUBLFOOD,EQ,14-Mar-19,1325.65,1322,1369,1314.4,1339,1331.6,1342.26,3670164,4926300775,76272,285099,7.77
JUBLFOOD,EQ,15-Mar-19,1331.6,1349.75,1358.7,1332.1,1348,1343.2,1345.57,1805206,2429035284,50774,310023,17.17
JUBLFOOD,EQ,18-Mar-19,1343.2,1356.4,1393.5,1345.05,1392,1387.3,1369.44,2090717,2863108622,67166,441828,21.13
JUBLFOOD,EQ,19-Mar-19,1387.3,1404,1430,1390,1402.05,1398.75,1413.94,4380553,6193859006,122404,784559,17.91
JUBLFOOD,EQ,20-Mar-19,1398.75,1406,1420,1395,1400.35,1400.35,1408.66,1897603,2673083315,66057,289579,15.26
JUBLFOOD,EQ,22-Mar-19,1400.35,1405.9,1438,1405,1437,1430.4,1425.37,2528661,3604269286,77485,391524,15.48
JUBLFOOD,EQ,25-Mar-19,1430.4,1432,1459.9,1427.05,1454.2,1454.7,1444.08,2834818,4093695238,94230,636886,22.47
JUBLFOOD,EQ,26-Mar-19,1454.7,1461,1470,1442,1463,1466.6,1456.26,2429883,3538536139,69322,619405,25.49
JUBLFOOD,EQ,27-Mar-19,1466.6,1466,1469.45,1443.1,1446,1446.6,1455.01,1104984,1607757631,38661,206795,18.71
JUBLFOOD,EQ,28-Mar-19,1446.6,1444.6,1466.65,1437.5,1459,1459.4,1454.74,1449362,2108444356,45697,559838,38.63
JUBLFOOD,EQ,29-Mar-19,1459.4,1460,1461.45,1432.15,1448.4,1444,1445.78,1202267,1738212031,56218,253228,21.06
JUBLFOOD,EQ,01-Apr-19,1444,1456,1487.7,1448.4,1458.1,1460.3,1471.45,1403371,2064986854,37393,318896,22.72
JUBLFOOD,EQ,02-Apr-19,1460.3,1458,1474.7,1431,1444,1441.2,1455.4,1061727,1545235839,32877,273389,25.75
JUBLFOOD,EQ,03-Apr-19,1441.2,1448.45,1461,1419,1424.6,1423.15,1440.88,907675,1307854023,36560,279220,30.76
JUBLFOOD,EQ,04-Apr-19,1423.15,1428.2,1442.9,1420.1,1436,1432.85,1429.73,989402,1414575727,39507,274042,27.7
JUBLFOOD,EQ,05-Apr-19,1432.85,1437,1444.25,1413,1417,1417.6,1423.38,944826,1344849889,38794,269564,28.53
JUBLFOOD,EQ,08-Apr-19,1417.6,1424.9,1437.5,1413.55,1430,1427.7,1425.01,820538,1169276443,33112,178347,21.74
JUBLFOOD,EQ,09-Apr-19,1427.7,1428.95,1433,1405.5,1430,1429.55,1422.85,863852,1229134704,36292,180677,20.92
JUBLFOOD,EQ,10-Apr-19,1429.55,1428,1433.95,1405.6,1409,1409.65,1416.64,675075,956336968.8,34994,234777,34.78
JUBLFOOD,EQ,11-Apr-19,1409.65,1409,1416.3,1370,1378.4,1375.3,1387.22,1424371,1975911394,53260,398065,27.95
JUBLFOOD,EQ,12-Apr-19,1375.3,1378.4,1380.95,1348.25,1362.6,1361.5,1361.58,1543838,2102066184,67576,546206,35.38
JUBLFOOD,EQ,15-Apr-19,1361.5,1366,1384.85,1366,1371,1370.4,1373.6,1112285,1527835491,37947,296757,26.68
JUBLFOOD,EQ,16-Apr-19,1370.4,1377,1394.75,1362.1,1381.2,1381.15,1380.83,1270729,1754655985,56349,441571,34.75
JUBLFOOD,EQ,18-Apr-19,1381.15,1387,1391.55,1340.75,1343,1345.15,1357.74,1322271,1795303005,50037,347632,26.29
JUBLFOOD,EQ,22-Apr-19,1345.15,1340.75,1348,1324,1330,1331.05,1332.93,746341,994821389,23145,189283,25.36
JUBLFOOD,EQ,23-Apr-19,1331.05,1323,1349,1311.2,1317.7,1316.1,1332.24,959140,1277800169,29448,219331,22.87
JUBLFOOD,EQ,24-Apr-19,1316.1,1320,1334,1307.2,1320,1317,1317.88,967476,1275012695,63309,329221,34.03
JUBLFOOD,EQ,25-Apr-19,1317,1327,1354.9,1321,1335,1327.9,1339.63,1153973,1545896737,35270,216555,18.77
JUBLFOOD,EQ,26-Apr-19,1327.9,1336.15,1354.9,1332.2,1342,1342.8,1342.95,1307231,1755541325,38949,365697,27.97
JUBLFOOD,EQ,30-Apr-19,1342.8,1341.6,1341.6,1310.05,1330.85,1328.5,1322.93,896668,1186226096,31362,347703,38.78
JUBLFOOD,EQ,02-May-19,1328.5,1329.7,1364.4,1311.25,1344,1345.9,1347.31,1497573,2017688667,48699,496442,33.15
JUBLFOOD,EQ,03-May-19,1345.9,1345.95,1362.95,1320.3,1328,1326.35,1342.49,1035518,1390174065,26366,190940,18.44
JUBLFOOD,EQ,06-May-19,1326.35,1317,1326.7,1290.5,1302,1299.85,1301.4,1133655,1475337202,37430,237505,20.95
JUBLFOOD,EQ,07-May-19,1299.85,1305,1320,1277.4,1278,1282.25,1300.36,1309419,1702720044,35689,247667,18.91
JUBLFOOD,EQ,08-May-19,1282.25,1272,1276.55,1241.85,1266.4,1262.45,1263.53,1039517,1313462105,34996,123192,11.85
JUBLFOOD,EQ,09-May-19,1262.45,1266,1278,1253.25,1274.75,1268.8,1266.63,646016,818263455.4,22188,64429,9.97
JUBLFOOD,EQ,10-May-19,1268.8,1278.8,1294.8,1258.8,1265.45,1264.5,1278.45,892408,1140898200,25374,110213,12.35
JUBLFOOD,EQ,13-May-19,1264.5,1269.95,1269.95,1237.05,1242,1242.6,1256.49,746458,937914762,28142,129094,17.29
