,Symbol,Series,Date,Prev Close,Open Price,High Price,Low Price,Last Price,Close Price,Average Price,Total Traded Quantity,Turnover,No. of Trades,Deliverable Qty,% Dly Qt to Traded Qty,month,year,Day_Perc_Change,Trend
0,JUBLFOOD,EQ,2017-05-15,986.35,991.85,1031.0,983.55,1029.6,1025.45,1009.72,576466,582068509.3,19888,115368,20.01,5,2017,0.0,Slight or No Change
1,JUBLFOOD,EQ,2017-05-16,1025.45,1028.5,1054.85,1028.5,1052.0,1050.65,1042.26,487510,508110696.2,15487,84859,17.41,5,2017,2.4574577014969012,Positive
2,JUBLFOOD,EQ,2017-05-17,1050.65,1044.0,1058.75,1024.2,1047.0,1049.05,1039.93,393751,409472571.4,15205,61936,15.73,5,2017,-0.15228667967449594,Slight or No Change
3,JUBLFOOD,EQ,2017-05-18,1049.05,1039.7,1049.15,1012.2,1014.1,1019.35,1033.8,381432,394324549.9,10345,40599,10.64,5,2017,-2.8311329297936116,Negative
4,JUBLFOOD,EQ,2017-05-19,1019.35,1022.0,1042.2,1011.0,1012.55,1018.1,1025.24,287852,295117054.1,9834,60049,20.86,5,2017,-0.12262716436944876,Slight or No Change
5,JUBLFOOD,EQ,2017-05-22,1018.1,1018.1,1038.0,1015.0,1022.85,1030.3,1026.6,321837,330398168.1,9940,87006,27.03,5,2017,1.1983105785286163,Positive
6,JUBLFOOD,EQ,2017-05-23,1030.3,1030.0,1030.0,990.0,990.0,993.15,1009.44,342845,346083144.0,12009,77703,22.66,5,2017,-3.6057458992526437,Among top Losers
7,JUBLFOOD,EQ,2017-05-24,993.15,995.0,1005.9,966.0,974.45,976.45,988.12,448045,442723272.9,12040,42627,9.51,5,2017,-1.6815184010471662,Negative
8,JUBLFOOD,EQ,2017-05-25,976.45,974.45,1024.0,965.25,1024.0,1014.95,998.09,524803,523802982.4,23985,109155,20.8,5,2017,3.94285421680578,Among Top gainers
9,JUBLFOOD,EQ,2017-05-26,1014.95,1024.0,1035.0,982.5,993.95,992.7,1013.2,391221,396385703.0,17661,72571,18.55,5,2017,-2.192226218040294,Negative
10,JUBLFOOD,EQ,2017-05-29,992.7,997.8,998.4,925.0,937.2,940.35,957.94,974901,933898388.2,24822,158323,16.24,5,2017,-5.273496524629795,Among top Losers
11,JUBLFOOD,EQ,2017-05-30,940.35,880.1,921.0,817.2,910.2,909.15,876.28,5504664,4823600441.0,135807,628329,11.41,5,2017,-3.317913542829798,Among top Losers
12,JUBLFOOD,EQ,2017-05-31,909.15,911.95,925.0,888.0,917.0,914.9,909.16,1195336,1086751064.0,35859,123904,10.37,5,2017,0.6324588901721384,Slight Positive
13,JUBLFOOD,EQ,2017-06-01,914.9,920.0,920.0,898.1,912.5,912.25,909.03,921483,837654417.5,22643,279276,30.31,6,2017,-0.2896491419827285,Slight or No Change
14,JUBLFOOD,EQ,2017-06-02,912.25,914.25,934.8,908.3,932.0,930.85,924.04,620511,573375608.4,19763,118969,19.17,6,2017,2.038914771170197,Positive
15,JUBLFOOD,EQ,2017-06-05,930.85,931.0,949.0,926.1,932.1,936.05,940.24,514033,483313619.6,13543,105374,20.5,6,2017,0.5586292098619383,Slight Positive
16,JUBLFOOD,EQ,2017-06-06,936.05,936.05,965.8,935.2,956.9,952.55,954.52,1196195,1141796685.0,34217,288991,24.16,6,2017,1.7627263500881396,Positive
17,JUBLFOOD,EQ,2017-06-07,952.55,957.2,961.35,945.0,956.45,955.2,952.61,472750,450345925.7,12611,72293,15.29,6,2017,0.2782006193900788,Slight or No Change
18,JUBLFOOD,EQ,2017-06-08,955.2,952.0,971.9,952.0,963.4,963.8,963.02,500353,481848465.2,11524,47326,9.46,6,2017,0.9003350083752082,Slight Positive
19,JUBLFOOD,EQ,2017-06-09,963.8,964.0,975.0,952.45,973.0,969.1,962.46,370792,356870831.6,12853,50945,13.74,6,2017,0.5499066196306357,Slight Positive
20,JUBLFOOD,EQ,2017-06-12,969.1,960.0,966.85,950.1,957.5,959.55,959.32,265930,255111838.5,7100,38470,14.47,6,2017,-0.9854504179135359,Slight Negative
21,JUBLFOOD,EQ,2017-06-13,959.55,961.15,973.0,953.0,970.7,970.05,965.68,421456,406990193.8,9885,51514,12.22,6,2017,1.0942629357511224,Positive
22,JUBLFOOD,EQ,2017-06-14,970.05,962.0,968.0,952.0,968.0,962.6,959.06,324857,311556021.7,11365,21369,6.58,6,2017,-0.7680016493995079,Slight Negative
23,JUBLFOOD,EQ,2017-06-15,962.6,959.95,964.9,953.0,959.0,959.25,958.04,231706,221983581.5,9126,32167,13.88,6,2017,-0.3480157905672132,Slight or No Change
24,JUBLFOOD,EQ,2017-06-16,959.25,963.0,968.75,925.4,943.0,938.2,945.96,496384,469558754.8,13784,86728,17.47,6,2017,-2.1944227260880855,Negative
25,JUBLFOOD,EQ,2017-06-19,938.2,940.1,944.95,918.6,923.5,924.65,927.95,656933,609603939.9,19540,236955,36.07,6,2017,-1.4442549562993068,Negative
26,JUBLFOOD,EQ,2017-06-20,924.65,923.5,930.45,920.0,925.0,924.0,924.82,291920,269972745.5,6213,73743,25.26,6,2017,-0.0702968690855954,Slight or No Change
27,JUBLFOOD,EQ,2017-06-21,924.0,923.0,938.1,914.75,927.05,926.2,927.72,460579,427287294.3,13193,72380,15.72,6,2017,0.23809523809523725,Slight or No Change
28,JUBLFOOD,EQ,2017-06-22,926.2,929.9,929.9,909.6,914.0,913.25,918.56,363307,333719330.1,11738,51771,14.25,6,2017,-1.3981861369034787,Negative
29,JUBLFOOD,EQ,2017-06-23,913.25,914.0,934.5,901.5,917.0,922.95,920.6,576549,530769176.8,17602,147377,25.56,6,2017,1.0621407062688215,Positive
30,JUBLFOOD,EQ,2017-06-27,922.95,918.0,934.5,918.0,929.0,929.0,927.94,472073,438055571.1,14515,200907,42.56,6,2017,0.6555067988515129,Slight Positive
31,JUBLFOOD,EQ,2017-06-28,929.0,921.05,942.0,915.05,942.0,938.0,934.35,316313,295547578.5,8600,67830,21.44,6,2017,0.9687836383207804,Slight Positive
32,JUBLFOOD,EQ,2017-06-29,938.0,946.55,957.6,936.95,951.0,952.1,948.97,517249,490855347.6,15897,118293,22.87,6,2017,1.50319829424308,Positive
33,JUBLFOOD,EQ,2017-06-30,952.1,945.0,952.0,937.3,947.5,946.4,943.57,365054,344452426.9,27252,100981,27.66,6,2017,-0.5986766095998353,Slight Negative
34,JUBLFOOD,EQ,2017-07-03,946.4,946.4,1006.85,946.4,1006.0,999.25,984.95,1016369,1001075847.0,29622,245785,24.18,7,2017,5.584319526627213,Among Top gainers
35,JUBLFOOD,EQ,2017-07-04,999.25,1012.0,1044.0,1012.0,1025.0,1025.45,1032.8,1289457,1331745337.0,49531,203516,15.78,7,2017,2.621966474856152,Positive
36,JUBLFOOD,EQ,2017-07-05,1025.45,1031.7,1057.0,1028.05,1048.05,1048.95,1043.43,550836,574759859.3,17081,110064,19.98,7,2017,2.2916768248086195,Positive
37,JUBLFOOD,EQ,2017-07-06,1048.95,1045.8,1091.4,1039.2,1080.0,1077.85,1073.73,876216,940821133.7,27664,140650,16.05,7,2017,2.755136088469401,Positive
38,JUBLFOOD,EQ,2017-07-07,1077.85,1077.0,1102.0,1065.3,1100.1,1093.35,1090.96,683694,745885941.0,18412,95515,13.97,7,2017,1.4380479658579581,Positive
39,JUBLFOOD,EQ,2017-07-10,1093.35,1134.0,1134.0,1099.9,1115.0,1112.0,1111.31,129919,144380289.1,5133,22435,17.27,7,2017,1.7057666803859783,Positive
40,JUBLFOOD,EQ,2017-07-11,1112.0,1115.0,1126.2,1085.1,1093.1,1090.75,1100.6,409566,450770245.2,12933,60743,14.83,7,2017,-1.9109712230215847,Negative
41,JUBLFOOD,EQ,2017-07-12,1090.75,1093.1,1114.0,1090.05,1103.2,1106.1,1102.12,320543,353277039.3,9308,43191,13.47,7,2017,1.4072885629154097,Positive
42,JUBLFOOD,EQ,2017-07-13,1106.1,1110.1,1118.6,1095.3,1117.9,1111.5,1106.72,278018,307687741.6,12283,60341,21.7,7,2017,0.4882017900732283,Slight or No Change
43,JUBLFOOD,EQ,2017-07-14,1111.5,1115.35,1178.5,1105.0,1168.65,1164.6,1155.3,1579818,1825163863.0,45916,377304,23.88,7,2017,4.777327935222675,Among Top gainers
44,JUBLFOOD,EQ,2017-07-17,1164.6,1187.0,1285.9,1161.0,1269.0,1272.7,1223.24,6933168,8480935249.0,188338,444273,6.41,7,2017,9.282156963764399,Bull run
45,JUBLFOOD,EQ,2017-07-18,1272.7,1265.1,1334.95,1247.35,1322.0,1325.1,1312.75,5504940,7226606536.0,137752,696183,12.65,7,2017,4.117231083523198,Among Top gainers
46,JUBLFOOD,EQ,2017-07-19,1325.1,1323.1,1329.05,1282.55,1288.95,1290.0,1293.74,1888442,2443145017.0,53320,408242,21.62,7,2017,-2.648856690061119,Negative
47,JUBLFOOD,EQ,2017-07-20,1290.0,1290.0,1318.9,1286.95,1298.7,1298.1,1303.17,1003031,1307116305.0,26837,95953,9.57,7,2017,0.6279069767441747,Slight Positive
48,JUBLFOOD,EQ,2017-07-21,1298.1,1300.0,1309.45,1237.5,1250.25,1254.0,1264.28,1135921,1436123268.0,30915,136171,11.99,7,2017,-3.3972729373699995,Among top Losers
49,JUBLFOOD,EQ,2017-07-24,1254.0,1252.0,1266.65,1233.25,1251.95,1252.2,1249.87,708924,886061970.7,19291,70314,9.92,7,2017,-0.14354066985645675,Slight or No Change
50,JUBLFOOD,EQ,2017-07-25,1252.2,1250.0,1308.0,1235.3,1295.9,1296.35,1281.34,1587139,2033671192.0,44968,148577,9.36,7,2017,3.525794601501353,Among Top gainers
51,JUBLFOOD,EQ,2017-07-26,1296.35,1302.25,1312.4,1270.8,1277.0,1282.85,1295.13,1266049,1639693749.0,39680,188110,14.86,7,2017,-1.0413854283179647,Negative
52,JUBLFOOD,EQ,2017-07-27,1282.85,1283.0,1298.7,1268.1,1287.9,1278.45,1281.2,872533,1117891366.0,30444,236799,27.14,7,2017,-0.342986319522931,Slight or No Change
53,JUBLFOOD,EQ,2017-07-28,1278.45,1281.95,1318.0,1260.0,1313.0,1312.6,1297.88,1067103,1384975303.0,28488,138257,12.96,7,2017,2.671203410379741,Positive
54,JUBLFOOD,EQ,2017-07-31,1312.6,1322.0,1338.0,1304.5,1310.0,1317.75,1322.1,1182849,1563848709.0,36589,238904,20.2,7,2017,0.39235105896693323,Slight or No Change
55,JUBLFOOD,EQ,2017-08-01,1317.75,1307.6,1321.25,1283.8,1293.0,1293.95,1301.52,563946,733989347.3,16853,57357,10.17,8,2017,-1.8061088977423645,Negative
56,JUBLFOOD,EQ,2017-08-02,1293.95,1280.2,1306.0,1269.65,1280.0,1280.75,1290.43,662368,854736351.3,19495,68576,10.35,8,2017,-1.0201321534835217,Negative
57,JUBLFOOD,EQ,2017-08-03,1280.75,1286.0,1293.9,1250.0,1250.6,1254.8,1269.0,541181,686759611.9,14982,59417,10.98,8,2017,-2.026156548897129,Negative
58,JUBLFOOD,EQ,2017-08-04,1254.8,1256.0,1286.0,1246.8,1279.95,1279.3,1265.86,789359,999217861.4,25369,138925,17.6,8,2017,1.9525023908192551,Positive
59,JUBLFOOD,EQ,2017-08-07,1279.3,1270.1,1286.0,1258.0,1265.0,1264.55,1269.34,352060,446883928.1,11858,55029,15.63,8,2017,-1.1529742828109146,Negative
60,JUBLFOOD,EQ,2017-08-08,1264.55,1275.2,1345.0,1255.0,1337.2,1330.8,1302.66,1674075,2180743309.0,50507,196015,11.71,8,2017,5.239017832430504,Among Top gainers
61,JUBLFOOD,EQ,2017-08-09,1330.8,1342.0,1355.75,1283.25,1297.0,1299.2,1325.17,1763170,2336496629.0,47613,345045,19.57,8,2017,-2.3745115719867704,Negative
62,JUBLFOOD,EQ,2017-08-10,1299.2,1298.0,1352.4,1267.2,1320.0,1317.95,1323.71,1926331,2549898456.0,53522,371359,19.28,8,2017,1.4431958128078737,Positive
63,JUBLFOOD,EQ,2017-08-11,1317.95,1289.0,1336.2,1269.95,1298.0,1296.6,1303.81,1223225,1594854511.0,35874,132935,10.87,8,2017,-1.6199400584240742,Negative
64,JUBLFOOD,EQ,2017-08-14,1296.6,1305.0,1380.0,1305.0,1379.9,1370.7,1350.44,1253203,1692378324.0,41022,198866,15.87,8,2017,5.714946783896346,Among Top gainers
65,JUBLFOOD,EQ,2017-08-16,1370.7,1409.0,1444.75,1382.65,1385.95,1392.9,1411.65,2174134,3069125145.0,65805,295935,13.61,8,2017,1.6196104180345783,Positive
66,JUBLFOOD,EQ,2017-08-17,1392.9,1408.0,1424.5,1386.0,1399.05,1399.4,1406.79,1254835,1765287261.0,36872,162126,12.92,8,2017,0.46665230813411895,Slight or No Change
67,JUBLFOOD,EQ,2017-08-18,1399.4,1390.0,1410.95,1379.0,1395.0,1394.55,1394.74,736471,1027183705.0,22279,52220,7.09,8,2017,-0.34657710447335566,Slight or No Change
68,JUBLFOOD,EQ,2017-08-21,1394.55,1403.8,1432.75,1372.0,1376.15,1383.6,1410.54,1008859,1423033287.0,27688,81304,8.06,8,2017,-0.7851995267290524,Slight Negative
69,JUBLFOOD,EQ,2017-08-22,1383.6,1410.0,1410.05,1352.5,1359.1,1357.1,1382.09,993348,1372895272.0,28366,79862,8.04,8,2017,-1.9152934374096597,Negative
70,JUBLFOOD,EQ,2017-08-23,1357.1,1369.0,1387.65,1354.0,1383.0,1380.3,1369.82,665029,910970246.4,18414,46950,7.06,8,2017,1.7095276692948191,Positive
71,JUBLFOOD,EQ,2017-08-24,1380.3,1388.0,1406.0,1372.05,1389.65,1393.55,1392.81,730350,1017236349.0,20843,96493,13.21,8,2017,0.9599362457436866,Slight Positive
72,JUBLFOOD,EQ,2017-08-28,1393.55,1392.0,1404.0,1376.1,1381.45,1382.5,1389.5,580508,806617469.9,18667,182807,31.49,8,2017,-0.792938897061457,Slight Negative
73,JUBLFOOD,EQ,2017-08-29,1382.5,1388.85,1388.85,1337.45,1343.4,1344.85,1359.73,658811,895802886.7,22614,186550,28.32,8,2017,-2.723327305605794,Negative
74,JUBLFOOD,EQ,2017-08-30,1344.85,1360.0,1397.75,1355.0,1370.0,1366.05,1374.25,1157869,1591204096.0,45994,278466,24.05,8,2017,1.5763839833438764,Positive
75,JUBLFOOD,EQ,2017-08-31,1366.05,1379.75,1405.0,1356.35,1403.15,1394.5,1378.99,765404,1055482626.0,20533,171762,22.44,8,2017,2.0826470480582726,Positive
76,JUBLFOOD,EQ,2017-09-01,1394.5,1395.35,1425.0,1395.05,1400.0,1403.1,1410.77,749515,1057393421.0,21662,116192,15.5,9,2017,0.6167084976694159,Slight Positive
77,JUBLFOOD,EQ,2017-09-04,1403.1,1397.3,1398.0,1365.05,1380.85,1379.9,1381.31,562943,777598606.9,22947,83647,14.86,9,2017,-1.6534815765091415,Negative
78,JUBLFOOD,EQ,2017-09-05,1379.9,1395.0,1397.85,1370.1,1382.0,1378.85,1382.96,437298,604764277.3,12633,38842,8.88,9,2017,-0.07609247046889145,Slight or No Change
79,JUBLFOOD,EQ,2017-09-06,1378.85,1380.0,1405.0,1370.05,1393.0,1391.3,1390.73,592148,823518859.0,21284,69440,11.73,9,2017,0.9029263516698638,Slight Positive
80,JUBLFOOD,EQ,2017-09-07,1391.3,1392.1,1407.4,1384.15,1390.1,1389.0,1394.46,361510,504111959.5,10434,53221,14.72,9,2017,-0.16531301660317466,Slight or No Change
81,JUBLFOOD,EQ,2017-09-08,1389.0,1398.1,1404.0,1377.25,1387.0,1384.5,1389.34,468209,650501705.5,12788,62229,13.29,9,2017,-0.3239740820734305,Slight or No Change
82,JUBLFOOD,EQ,2017-09-11,1384.5,1394.0,1464.0,1385.0,1463.6,1452.0,1423.85,1423607,2027002501.0,43292,195373,13.72,9,2017,4.875406283856987,Among Top gainers
83,JUBLFOOD,EQ,2017-09-12,1452.0,1470.95,1475.45,1420.05,1424.85,1424.8,1439.32,1593399,2293412221.0,41542,368060,23.1,9,2017,-1.8732782369145995,Negative
84,JUBLFOOD,EQ,2017-09-13,1424.8,1420.0,1421.0,1305.05,1338.0,1323.35,1358.03,2391392,3247588930.0,70371,405954,16.98,9,2017,-7.120297585626057,Bear Drop
85,JUBLFOOD,EQ,2017-09-14,1323.35,1355.1,1383.9,1342.65,1377.2,1373.45,1366.86,3000789,4101644742.0,87027,323551,10.78,9,2017,3.785846525862402,Among Top gainers
86,JUBLFOOD,EQ,2017-09-15,1373.45,1351.1,1370.0,1345.6,1359.35,1359.15,1357.44,709529,963142810.7,27958,100372,14.15,9,2017,-1.0411736867013688,Negative
87,JUBLFOOD,EQ,2017-09-18,1359.15,1384.0,1427.7,1367.2,1423.15,1423.2,1402.82,1417565,1988583823.0,44245,300821,21.22,9,2017,4.712504138616036,Among Top gainers
88,JUBLFOOD,EQ,2017-09-19,1423.2,1428.0,1435.0,1378.3,1400.05,1396.05,1407.76,1099926,1548436103.0,33612,113093,10.28,9,2017,-1.907672849915687,Negative
89,JUBLFOOD,EQ,2017-09-20,1396.05,1400.0,1420.0,1388.0,1405.75,1405.4,1406.61,688509,968463513.6,20753,64119,9.31,9,2017,0.6697467855735884,Slight Positive
90,JUBLFOOD,EQ,2017-09-21,1405.4,1397.5,1409.7,1377.65,1396.0,1392.55,1392.82,473735,659828959.5,13638,73756,15.57,9,2017,-0.9143304397324692,Slight Negative
91,JUBLFOOD,EQ,2017-09-22,1392.55,1385.0,1398.0,1364.0,1379.0,1380.2,1379.21,563609,777332386.0,15700,81962,14.54,9,2017,-0.8868622311586583,Slight Negative
92,JUBLFOOD,EQ,2017-09-25,1380.2,1382.0,1392.0,1331.0,1385.0,1380.95,1363.83,614646,838272643.2,17478,104740,17.04,9,2017,0.054339950731785436,Slight or No Change
93,JUBLFOOD,EQ,2017-09-26,1380.95,1387.0,1403.05,1362.2,1399.0,1392.8,1379.61,639397,882119455.7,17691,74309,11.62,9,2017,0.8581049277671005,Slight Positive
94,JUBLFOOD,EQ,2017-09-27,1392.8,1406.0,1416.0,1350.0,1359.0,1355.9,1384.11,680179,941442983.6,21757,90877,13.36,9,2017,-2.649339460080402,Negative
95,JUBLFOOD,EQ,2017-09-28,1355.9,1356.1,1384.5,1334.5,1374.0,1375.85,1365.48,797246,1088625656.0,23750,213852,26.82,9,2017,1.4713474445017916,Positive
96,JUBLFOOD,EQ,2017-09-29,1375.85,1385.0,1404.0,1375.5,1392.0,1390.95,1390.48,476540,662620078.7,19172,127663,26.79,9,2017,1.0975033615583163,Positive
97,JUBLFOOD,EQ,2017-10-03,1390.95,1402.1,1436.65,1402.1,1416.5,1416.05,1421.27,729091,1036232357.0,21560,179469,24.62,10,2017,1.8045220892195957,Positive
98,JUBLFOOD,EQ,2017-10-04,1416.05,1416.5,1424.9,1392.45,1408.15,1407.45,1406.72,484931,682160341.1,28854,137029,28.26,10,2017,-0.6073231877405383,Slight Negative
99,JUBLFOOD,EQ,2017-10-05,1407.45,1419.0,1490.0,1410.0,1483.4,1482.35,1456.26,1906198,2775919258.0,58026,344584,18.08,10,2017,5.321681054389127,Among Top gainers
100,JUBLFOOD,EQ,2017-10-06,1482.35,1520.0,1555.0,1510.0,1545.05,1543.4,1540.11,2970740,4575254808.0,78426,303503,10.22,10,2017,4.118460552501113,Among Top gainers
101,JUBLFOOD,EQ,2017-10-09,1543.4,1545.0,1555.45,1492.0,1498.0,1497.9,1516.06,1398803,2120670787.0,38963,208668,14.92,10,2017,-2.9480368018660053,Negative
102,JUBLFOOD,EQ,2017-10-10,1497.9,1506.8,1535.95,1466.4,1520.6,1526.2,1503.01,1466929,2204806438.0,40024,132772,9.05,10,2017,1.8893117030509332,Positive
103,JUBLFOOD,EQ,2017-10-11,1526.2,1544.8,1551.6,1483.1,1488.05,1490.25,1519.39,1606907,2441514376.0,40367,157303,9.79,10,2017,-2.3555235224741233,Negative
104,JUBLFOOD,EQ,2017-10-12,1490.25,1501.0,1516.5,1487.7,1508.0,1501.8,1500.92,717750,1077284079.0,15871,39543,5.51,10,2017,0.775037745344731,Slight Positive
105,JUBLFOOD,EQ,2017-10-13,1501.8,1510.0,1532.0,1510.0,1515.0,1515.55,1521.47,946117,1439492288.0,43265,292062,30.87,10,2017,0.9155679850845644,Slight Positive
106,JUBLFOOD,EQ,2017-10-16,1515.55,1528.0,1562.9,1519.1,1557.0,1551.65,1544.79,1464541,2262412581.0,36271,196955,13.45,10,2017,2.381973540958726,Positive
107,JUBLFOOD,EQ,2017-10-17,1551.65,1544.0,1590.95,1544.0,1585.0,1582.5,1569.49,1253858,1967913229.0,35464,179597,14.32,10,2017,1.9882061031804898,Positive
108,JUBLFOOD,EQ,2017-10-18,1582.5,1593.95,1594.6,1519.4,1536.0,1532.95,1559.12,1284687,2002979477.0,35803,291501,22.69,10,2017,-3.1311216429699806,Among top Losers
109,JUBLFOOD,EQ,2017-10-19,1532.95,1542.2,1549.95,1517.45,1526.0,1529.7,1535.79,119287,183199243.2,3622,19222,16.11,10,2017,-0.21200952412016028,Slight or No Change
110,JUBLFOOD,EQ,2017-10-23,1529.7,1530.1,1565.0,1526.0,1547.05,1548.2,1543.72,841823,1299537102.0,27709,198369,23.56,10,2017,1.2093874615937805,Positive
111,JUBLFOOD,EQ,2017-10-24,1548.2,1552.2,1615.25,1549.3,1613.5,1609.85,1589.06,1380356,2193468182.0,41054,210786,15.27,10,2017,3.982043663609347,Among Top gainers
112,JUBLFOOD,EQ,2017-10-25,1609.85,1615.9,1630.0,1588.05,1595.2,1604.8,1609.75,1037754,1670521097.0,26020,218363,21.04,10,2017,-0.3136938224058139,Slight or No Change
113,JUBLFOOD,EQ,2017-10-26,1604.8,1595.1,1719.9,1565.6,1640.55,1642.65,1653.38,5187137,8576323075.0,129897,599606,11.56,10,2017,2.3585493519441725,Positive
114,JUBLFOOD,EQ,2017-10-27,1642.65,1678.9,1698.0,1618.0,1625.0,1622.3,1649.94,1738039,2867653434.0,56991,330608,19.02,10,2017,-1.2388518552339245,Negative
115,JUBLFOOD,EQ,2017-10-30,1622.3,1627.1,1640.95,1606.8,1622.0,1620.15,1620.27,585941,949380736.4,19440,135727,23.16,10,2017,-0.132527892498302,Slight or No Change
116,JUBLFOOD,EQ,2017-10-31,1620.15,1621.0,1650.8,1615.9,1632.2,1632.65,1634.02,690324,1128002065.0,20871,143319,20.76,10,2017,0.771533499984578,Slight Positive
117,JUBLFOOD,EQ,2017-11-01,1632.65,1633.0,1656.0,1620.0,1626.55,1626.5,1639.41,608953,998324659.7,19330,85819,14.09,11,2017,-0.3766882062903876,Slight or No Change
118,JUBLFOOD,EQ,2017-11-02,1626.5,1626.5,1638.55,1613.4,1619.0,1617.75,1624.22,327671,532211380.9,10096,46059,14.06,11,2017,-0.5379649554257626,Slight Negative
119,JUBLFOOD,EQ,2017-11-03,1617.75,1628.0,1633.0,1604.8,1611.3,1611.3,1613.98,332563,536750829.8,10258,59110,17.77,11,2017,-0.3987019007881343,Slight or No Change
120,JUBLFOOD,EQ,2017-11-06,1611.3,1609.7,1631.5,1595.5,1616.25,1615.65,1614.98,380457,614430383.1,11645,77928,20.48,11,2017,0.26996834853845186,Slight or No Change
121,JUBLFOOD,EQ,2017-11-07,1615.65,1619.25,1628.0,1593.55,1597.0,1599.3,1609.36,374856,603278790.1,16532,111176,29.66,11,2017,-1.0119766038436673,Negative
122,JUBLFOOD,EQ,2017-11-08,1599.3,1597.0,1633.9,1590.0,1615.75,1614.25,1616.79,558323,902691223.4,23247,129337,23.17,11,2017,0.934783967985986,Slight Positive
123,JUBLFOOD,EQ,2017-11-09,1614.25,1620.0,1665.0,1611.7,1663.0,1649.35,1636.21,676684,1107198935.0,22910,120651,17.83,11,2017,2.1743843890351444,Positive
124,JUBLFOOD,EQ,2017-11-10,1649.35,1660.0,1674.85,1640.05,1660.05,1661.8,1658.84,574916,953696211.8,19514,167252,29.09,11,2017,0.7548428168672627,Slight Positive
125,JUBLFOOD,EQ,2017-11-13,1661.8,1720.0,1720.05,1686.2,1698.5,1699.4,1701.84,919037,1564049525.0,43248,290886,31.65,11,2017,2.2626068118907217,Positive
126,JUBLFOOD,EQ,2017-11-14,1699.4,1702.0,1716.9,1695.6,1705.0,1700.55,1704.8,446470,761143747.1,19685,125682,28.15,11,2017,0.06767094268564922,Slight or No Change
127,JUBLFOOD,EQ,2017-11-15,1700.55,1690.0,1745.0,1685.55,1715.0,1712.75,1728.29,867709,1499653466.0,28127,138026,15.91,11,2017,0.7174149539854735,Slight Positive
128,JUBLFOOD,EQ,2017-11-16,1712.75,1750.0,1782.75,1722.15,1779.4,1774.6,1749.23,1012008,1770239305.0,32037,108208,10.69,11,2017,3.6111516566924573,Among Top gainers
129,JUBLFOOD,EQ,2017-11-17,1774.6,1779.6,1791.0,1753.2,1761.15,1761.1,1771.34,744983,1319618529.0,21003,146010,19.6,11,2017,-0.7607348134790914,Slight Negative
130,JUBLFOOD,EQ,2017-11-20,1761.1,1762.0,1768.0,1735.0,1752.0,1745.85,1747.73,332413,580968060.7,13531,79824,24.01,11,2017,-0.8659360626880885,Slight Negative
131,JUBLFOOD,EQ,2017-11-21,1745.85,1742.1,1761.45,1716.0,1734.3,1731.45,1741.07,392141,682744025.1,16384,69901,17.83,11,2017,-0.8248131282756144,Slight Negative
132,JUBLFOOD,EQ,2017-11-22,1731.45,1730.0,1740.65,1706.8,1733.35,1726.6,1720.51,321453,553062561.1,12315,43397,13.5,11,2017,-0.2801120448179373,Slight or No Change
133,JUBLFOOD,EQ,2017-11-23,1726.6,1735.25,1737.8,1711.1,1712.1,1716.7,1720.65,200911,345697215.1,7168,37155,18.49,11,2017,-0.5733812116297865,Slight Negative
134,JUBLFOOD,EQ,2017-11-24,1716.7,1712.0,1810.0,1702.05,1797.0,1803.3,1773.45,1375147,2438754638.0,36684,131690,9.58,11,2017,5.0445622415098645,Among Top gainers
135,JUBLFOOD,EQ,2017-11-27,1803.3,1781.0,1812.4,1780.0,1796.15,1799.8,1798.83,656156,1180312408.0,22305,60398,9.2,11,2017,-0.1940886153163679,Slight or No Change
136,JUBLFOOD,EQ,2017-11-28,1799.8,1796.15,1831.9,1787.8,1794.0,1794.65,1812.61,965511,1750096529.0,29827,202609,20.98,11,2017,-0.28614290476718374,Slight or No Change
137,JUBLFOOD,EQ,2017-11-29,1794.65,1805.0,1809.7,1781.8,1786.5,1789.8,1794.88,478792,859374387.6,16806,92166,19.25,11,2017,-0.2702476806062504,Slight or No Change
138,JUBLFOOD,EQ,2017-11-30,1789.8,1780.0,1799.0,1768.1,1773.3,1775.2,1779.87,806892,1436160281.0,19934,377073,46.73,11,2017,-0.8157336015197192,Slight Negative
139,JUBLFOOD,EQ,2017-12-01,1775.2,1787.9,1787.9,1745.1,1759.9,1752.7,1766.09,317873,561393658.6,10804,62373,19.62,12,2017,-1.2674628210905814,Negative
140,JUBLFOOD,EQ,2017-12-04,1752.7,1774.0,1774.0,1726.3,1739.85,1732.3,1747.63,470970,823079699.6,15350,110926,23.55,12,2017,-1.1639185257032114,Negative
141,JUBLFOOD,EQ,2017-12-05,1732.3,1732.5,1752.25,1714.0,1746.9,1743.75,1731.54,441190,763936778.9,23358,106863,24.22,12,2017,0.6609709634589844,Slight Positive
142,JUBLFOOD,EQ,2017-12-06,1743.75,1740.0,1747.2,1700.05,1703.0,1705.6,1720.32,500236,860568371.4,15690,173450,34.67,12,2017,-2.187813620071688,Negative
143,JUBLFOOD,EQ,2017-12-07,1705.6,1706.55,1712.7,1645.5,1652.1,1650.55,1667.68,1091477,1820230622.0,51494,445406,40.81,12,2017,-3.227603189493433,Among top Losers
144,JUBLFOOD,EQ,2017-12-08,1650.55,1658.5,1700.0,1650.6,1661.0,1661.1,1673.86,1084388,1815111555.0,30547,245746,22.66,12,2017,0.639180879100909,Slight Positive
145,JUBLFOOD,EQ,2017-12-11,1661.1,1672.0,1689.0,1653.0,1678.0,1677.1,1675.3,480827,805530042.4,20017,78879,16.4,12,2017,0.9632171452651939,Slight Positive
146,JUBLFOOD,EQ,2017-12-12,1677.1,1685.0,1732.5,1672.1,1716.35,1719.05,1714.28,1172295,2009642454.0,34836,103614,8.84,12,2017,2.5013416015741585,Positive
147,JUBLFOOD,EQ,2017-12-13,1719.05,1727.95,1735.9,1692.6,1708.0,1701.45,1716.03,487083,835850792.0,14233,41438,8.51,12,2017,-1.0238212966463989,Negative
148,JUBLFOOD,EQ,2017-12-14,1701.45,1722.0,1723.95,1664.85,1694.0,1694.0,1683.57,506184,852197118.6,27054,107241,21.19,12,2017,-0.4378618237385834,Slight or No Change
149,JUBLFOOD,EQ,2017-12-15,1694.0,1703.1,1732.0,1703.1,1720.2,1720.2,1718.67,499900,859163918.1,30234,137215,27.45,12,2017,1.5466351829988234,Positive
150,JUBLFOOD,EQ,2017-12-18,1720.2,1720.2,1764.0,1647.4,1751.05,1745.95,1736.9,868752,1508939591.0,31873,254391,29.28,12,2017,1.4969189629112867,Positive
151,JUBLFOOD,EQ,2017-12-19,1745.95,1738.0,1770.0,1738.0,1762.1,1763.2,1760.68,363842,640610044.8,12975,47580,13.08,12,2017,0.9880008018557263,Slight Positive
152,JUBLFOOD,EQ,2017-12-20,1763.2,1766.0,1790.0,1765.5,1780.0,1781.45,1777.45,421841,749800725.2,16582,103445,24.52,12,2017,1.0350499092558918,Positive
153,JUBLFOOD,EQ,2017-12-21,1781.45,1790.0,1794.0,1761.55,1771.65,1774.1,1775.56,327017,580636866.8,14304,76874,23.51,12,2017,-0.4125852535855734,Slight or No Change
154,JUBLFOOD,EQ,2017-12-22,1774.1,1783.6,1788.75,1755.25,1758.8,1764.8,1772.08,374442,663540384.0,15753,100153,26.75,12,2017,-0.5242094583168933,Slight Negative
155,JUBLFOOD,EQ,2017-12-26,1764.8,1764.45,1796.45,1761.15,1776.15,1782.1,1783.41,312146,556685082.1,10698,33246,10.65,12,2017,0.9802810516772453,Slight Positive
156,JUBLFOOD,EQ,2017-12-27,1782.1,1785.0,1790.9,1711.75,1719.0,1724.15,1754.71,548224,961973682.7,25510,151548,27.64,12,2017,-3.251781605970472,Among top Losers
157,JUBLFOOD,EQ,2017-12-28,1724.15,1724.15,1739.45,1702.55,1724.85,1709.75,1718.25,504928,867594316.6,17832,101795,20.16,12,2017,-0.835194153640928,Slight Negative
158,JUBLFOOD,EQ,2017-12-29,1709.75,1725.0,1770.0,1715.0,1758.8,1761.1,1753.2,904031,1584942686.0,24409,167793,18.56,12,2017,3.003363064775555,Among Top gainers
159,JUBLFOOD,EQ,2018-01-01,1761.1,1750.25,1783.1,1745.75,1777.0,1776.6,1770.08,466361,825496059.0,13810,136331,29.23,1,2018,0.8801317358469118,Slight Positive
160,JUBLFOOD,EQ,2018-01-02,1776.6,1779.9,1805.0,1771.3,1790.5,1792.35,1789.3,649265,1161730783.0,23698,115070,17.72,1,2018,0.8865248226950451,Slight Positive
161,JUBLFOOD,EQ,2018-01-03,1792.35,1801.0,1857.0,1800.0,1846.0,1850.55,1836.51,1275474,2342414681.0,32899,318326,24.96,1,2018,3.247133651351586,Among Top gainers
162,JUBLFOOD,EQ,2018-01-04,1850.55,1858.0,1863.9,1820.3,1835.6,1838.75,1836.26,592506,1087995920.0,25697,187370,31.62,1,2018,-0.6376482667315053,Slight Negative
163,JUBLFOOD,EQ,2018-01-05,1838.75,1859.0,1913.4,1841.0,1902.45,1904.35,1891.4,1270276,2402596474.0,34387,369901,29.12,1,2018,3.567641060503046,Among Top gainers
164,JUBLFOOD,EQ,2018-01-08,1904.35,1910.0,1944.25,1890.0,1930.1,1931.0,1919.96,719531,1381469871.0,22068,158448,22.02,1,2018,1.3994276262241812,Positive
165,JUBLFOOD,EQ,2018-01-09,1931.0,1929.0,1931.85,1903.4,1923.05,1922.0,1919.8,377933,725554513.2,13570,112064,29.65,1,2018,-0.46607975142413105,Slight or No Change
166,JUBLFOOD,EQ,2018-01-10,1922.0,1943.15,1967.0,1910.4,1920.5,1920.5,1935.15,720309,1393907602.0,23553,95700,13.29,1,2018,-0.07804370447450637,Slight or No Change
167,JUBLFOOD,EQ,2018-01-11,1920.5,1925.0,1943.4,1905.0,1916.3,1923.4,1923.98,397754,765271004.8,17604,122266,30.74,1,2018,0.15100234313980554,Slight or No Change
168,JUBLFOOD,EQ,2018-01-12,1923.4,1947.0,1950.0,1895.0,1903.05,1909.95,1919.32,532907,1022818382.0,30407,162610,30.51,1,2018,-0.6992825205365483,Slight Negative
169,JUBLFOOD,EQ,2018-01-15,1909.95,1929.0,1932.8,1878.6,1900.0,1894.9,1900.98,452435,860070093.5,17508,117711,26.02,1,2018,-0.7879787428990315,Slight Negative
170,JUBLFOOD,EQ,2018-01-16,1894.9,1901.0,1919.1,1865.0,1902.5,1899.55,1900.16,723285,1374360366.0,40311,246960,34.14,1,2018,0.2453955353844517,Slight or No Change
171,JUBLFOOD,EQ,2018-01-17,1899.55,1891.1,1922.0,1879.0,1922.0,1906.25,1904.48,657539,1252268517.0,26742,247481,37.64,1,2018,0.3527151167381781,Slight or No Change
172,JUBLFOOD,EQ,2018-01-18,1906.25,1920.0,1986.5,1920.0,1949.9,1943.35,1957.9,1463218,2864837596.0,46266,260142,17.78,1,2018,1.9462295081967174,Positive
173,JUBLFOOD,EQ,2018-01-19,1943.35,1949.95,2112.9,1943.4,2101.0,2093.3,2031.46,5277319,10720660229.0,149113,621297,11.77,1,2018,7.716057323693626,Bull run
174,JUBLFOOD,EQ,2018-01-22,2093.3,2155.0,2299.0,2141.55,2269.5,2273.3,2225.84,6219270,13843128444.0,191483,1197756,19.26,1,2018,8.598863039220372,Bull run
175,JUBLFOOD,EQ,2018-01-23,2273.3,2276.8,2330.9,2200.55,2294.0,2283.0,2284.99,2337022,5340076229.0,78992,284349,12.17,1,2018,0.4266924734966704,Slight or No Change
176,JUBLFOOD,EQ,2018-01-24,2283.0,2265.55,2323.0,2252.05,2272.25,2273.4,2280.89,1168325,2664815747.0,53095,169402,14.5,1,2018,-0.4204993429697712,Slight or No Change
177,JUBLFOOD,EQ,2018-01-25,2273.4,2273.0,2283.5,2195.85,2202.05,2210.2,2225.25,1648800,3668992645.0,54670,474163,28.76,1,2018,-2.779977126770483,Negative
178,JUBLFOOD,EQ,2018-01-29,2210.2,2224.0,2226.05,2152.75,2179.0,2167.75,2177.6,622192,1354885451.0,33071,203965,32.78,1,2018,-1.9206406660030706,Negative
179,JUBLFOOD,EQ,2018-01-30,2167.75,2164.55,2205.0,2128.0,2134.0,2138.25,2168.25,922573,2000369732.0,45626,228635,24.78,1,2018,-1.3608580325222053,Negative
180,JUBLFOOD,EQ,2018-01-31,2138.25,2148.0,2148.4,2026.0,2039.65,2043.2,2067.55,1180069,2439850161.0,66038,327965,27.79,1,2018,-4.445223898047468,Among top Losers
181,JUBLFOOD,EQ,2018-02-01,2043.2,2053.45,2094.0,1991.35,2044.0,2047.35,2055.57,1086776,2233947398.0,45537,273288,25.15,2,2018,0.2031127642913022,Slight or No Change
182,JUBLFOOD,EQ,2018-02-02,2047.35,2000.0,2036.9,1942.05,2012.5,2006.2,2000.99,1012110,2025224100.0,37820,216571,21.4,2,2018,-2.0099152563069267,Negative
183,JUBLFOOD,EQ,2018-02-05,2006.2,1960.0,2043.0,1951.0,1957.0,1959.35,1979.7,996002,1971780572.0,37438,223238,22.41,2,2018,-2.3352606918552565,Negative
184,JUBLFOOD,EQ,2018-02-06,1959.35,1805.0,2020.0,1803.2,1988.0,1979.1,1929.14,1389047,2679671099.0,56768,222681,16.03,2,2018,1.0079873427412123,Positive
185,JUBLFOOD,EQ,2018-02-07,1979.1,2003.9,2037.9,1975.0,2006.8,1999.95,2001.11,688601,1377963544.0,27009,117367,17.04,2,2018,1.0535091708352429,Positive
186,JUBLFOOD,EQ,2018-02-08,1999.95,2026.0,2041.0,1981.0,2005.0,1999.9,2010.88,857848,1725025871.0,51311,259846,30.29,2,2018,-0.0025000625015647593,Slight or No Change
187,JUBLFOOD,EQ,2018-02-09,1999.9,1930.05,2019.9,1930.05,2019.9,1998.7,1982.1,665951,1319981252.0,33641,144576,21.71,2,2018,-0.0600030001500107,Slight or No Change
188,JUBLFOOD,EQ,2018-02-12,1998.7,2015.05,2056.95,2015.05,2030.0,2026.65,2036.54,653313,1330495173.0,31329,129740,19.86,2,2018,1.398408965827791,Positive
189,JUBLFOOD,EQ,2018-02-14,2026.65,2054.0,2058.0,2023.55,2030.0,2042.5,2040.4,492952,1005821084.0,24697,143797,29.17,2,2018,0.7820787999901269,Slight Positive
190,JUBLFOOD,EQ,2018-02-15,2042.5,2042.5,2114.0,1990.55,2010.0,2011.9,2061.2,1662514,3426771505.0,53657,248314,14.94,2,2018,-1.498164014687875,Negative
191,JUBLFOOD,EQ,2018-02-16,2011.9,2028.0,2039.85,1936.0,1963.85,1951.65,1977.81,1086108,2148120671.0,41288,165801,15.27,2,2018,-2.994681644216912,Negative
192,JUBLFOOD,EQ,2018-02-19,1951.65,1966.3,2018.2,1910.0,2008.0,1993.85,1950.07,1075766,2097815839.0,34569,206068,19.16,2,2018,2.16227294853073,Positive
193,JUBLFOOD,EQ,2018-02-20,1993.85,2018.7,2028.5,1976.3,1989.0,1997.2,2005.12,819579,1643353659.0,32247,77226,9.42,2,2018,0.16801665120245168,Slight or No Change
194,JUBLFOOD,EQ,2018-02-21,1997.2,2016.9,2016.9,1966.1,1990.0,1990.3,1988.19,533111,1059926508.0,32237,79213,14.86,2,2018,-0.3454836771480063,Slight or No Change
195,JUBLFOOD,EQ,2018-02-22,1990.3,1974.0,2005.0,1963.85,1965.25,1974.9,1983.49,566338,1123325508.0,19636,152777,26.98,2,2018,-0.7737527005978961,Slight Negative
196,JUBLFOOD,EQ,2018-02-23,1974.9,1979.3,2019.65,1979.0,2004.0,2003.3,2004.54,593887,1190469937.0,21133,90374,15.22,2,2018,1.438047496075745,Positive
197,JUBLFOOD,EQ,2018-02-26,2003.3,2018.55,2020.0,1985.55,2004.0,2000.6,1998.29,831646,1661868134.0,31639,350714,42.17,2,2018,-0.13477761693206913,Slight or No Change
198,JUBLFOOD,EQ,2018-02-27,2000.6,2021.0,2056.0,2004.0,2040.95,2038.35,2035.24,1277154,2599320617.0,44892,156543,12.26,2,2018,1.886933919824063,Positive
199,JUBLFOOD,EQ,2018-02-28,2038.35,2006.0,2052.0,2006.0,2031.5,2034.0,2034.29,498823,1014749283.0,19629,53761,10.78,2,2018,-0.21340790345131255,Slight or No Change
200,JUBLFOOD,EQ,2018-03-01,2034.0,2039.95,2047.3,1995.65,2006.1,2005.85,2017.76,423544,854611118.3,16386,87469,20.65,3,2018,-1.3839724680432708,Negative
201,JUBLFOOD,EQ,2018-03-05,2005.85,2005.0,2018.9,1975.25,1998.5,1997.6,1996.9,499605,997661430.5,24100,102272,20.47,3,2018,-0.4112969564025182,Slight or No Change
202,JUBLFOOD,EQ,2018-03-06,1997.6,2006.0,2040.95,1972.2,1979.6,1989.25,2016.46,866691,1747648476.0,34685,169855,19.6,3,2018,-0.41800160192230207,Slight or No Change
203,JUBLFOOD,EQ,2018-03-07,1989.25,1990.0,2005.0,1969.0,1986.0,1978.25,1984.09,499818,991682070.9,18435,37079,7.42,3,2018,-0.5529722257132108,Slight Negative
204,JUBLFOOD,EQ,2018-03-08,1978.25,1991.0,2021.0,1962.0,2020.0,2010.45,1992.35,503731,1003606177.0,19930,111296,22.09,3,2018,1.6277012511057842,Positive
205,JUBLFOOD,EQ,2018-03-09,2010.45,2020.0,2080.0,2010.0,2060.3,2060.3,2052.73,1376180,2824925514.0,56383,239651,17.41,3,2018,2.4795443806113093,Positive
206,JUBLFOOD,EQ,2018-03-12,2060.3,2090.0,2098.0,2061.4,2075.0,2084.05,2081.9,882266,1836791265.0,34503,144761,16.41,3,2018,1.1527447459107831,Positive
207,JUBLFOOD,EQ,2018-03-13,2084.05,2075.0,2098.5,2047.0,2059.0,2060.1,2075.68,524075,1087811126.0,24915,79158,15.1,3,2018,-1.1492046735922967,Negative
208,JUBLFOOD,EQ,2018-03-14,2060.1,2047.0,2086.2,2045.3,2083.0,2078.95,2064.9,416793,860635085.6,18448,70794,16.99,3,2018,0.9150041260132857,Slight Positive
209,JUBLFOOD,EQ,2018-03-15,2078.95,2091.0,2160.0,2085.25,2159.95,2147.1,2131.85,1520066,3240547348.0,60989,428932,28.22,3,2018,3.278097116332779,Among Top gainers
210,JUBLFOOD,EQ,2018-03-16,2147.1,2151.0,2170.0,2100.2,2119.05,2111.65,2136.08,825718,1763797235.0,48321,227609,27.56,3,2018,-1.6510642261655217,Negative
211,JUBLFOOD,EQ,2018-03-19,2111.65,2125.0,2161.3,2094.4,2113.15,2113.15,2126.15,988750,2102234370.0,35639,144725,14.64,3,2018,0.07103449908838488,Slight or No Change
212,JUBLFOOD,EQ,2018-03-20,2113.15,2103.0,2133.85,2091.5,2129.0,2121.8,2119.57,621810,1317971075.0,23277,133078,21.4,3,2018,0.4093415043891824,Slight or No Change
213,JUBLFOOD,EQ,2018-03-21,2121.8,2144.0,2215.45,2135.05,2203.0,2207.35,2181.15,1619899,3533236640.0,61853,396775,24.49,3,2018,4.031954001319615,Among Top gainers
214,JUBLFOOD,EQ,2018-03-22,2207.35,2220.95,2300.0,2215.0,2265.45,2275.0,2265.69,3282766,7437723413.0,110586,714374,21.76,3,2018,3.0647609124062836,Among Top gainers
215,JUBLFOOD,EQ,2018-03-23,2275.0,2233.0,2297.9,2220.0,2270.0,2277.05,2273.05,1939420,4408395773.0,73850,219740,11.33,3,2018,0.09010989010989068,Slight or No Change
216,JUBLFOOD,EQ,2018-03-26,2277.05,2299.95,2354.5,2282.05,2347.3,2344.0,2330.6,2186647,5096204554.0,73213,358190,16.38,3,2018,2.940207724907218,Positive
217,JUBLFOOD,EQ,2018-03-27,2344.0,2367.95,2396.0,2320.65,2348.5,2341.05,2370.15,1490655,3533073576.0,58458,193012,12.95,3,2018,-0.12585324232080586,Slight or No Change
218,JUBLFOOD,EQ,2018-03-28,2341.05,2345.0,2364.0,2310.75,2323.0,2325.85,2333.93,1328797,3101314966.0,54211,253213,19.06,3,2018,-0.6492813053971647,Slight Negative
219,JUBLFOOD,EQ,2018-04-02,2325.85,2350.0,2367.0,2335.55,2357.55,2356.1,2350.44,484866,1139649570.0,22438,66766,13.77,4,2018,1.30059978072532,Positive
220,JUBLFOOD,EQ,2018-04-03,2356.1,2368.0,2379.95,2302.2,2329.95,2329.15,2329.46,992288,2311491172.0,36315,225367,22.71,4,2018,-1.143839395611379,Negative
221,JUBLFOOD,EQ,2018-04-04,2329.15,2329.0,2345.0,2296.45,2312.0,2309.3,2320.34,708423,1643780504.0,26320,96277,13.59,4,2018,-0.8522422342914782,Slight Negative
222,JUBLFOOD,EQ,2018-04-05,2309.3,2330.0,2343.85,2315.0,2339.85,2335.35,2328.92,315803,735481077.7,11711,49065,15.54,4,2018,1.1280474602693324,Positive
223,JUBLFOOD,EQ,2018-04-06,2335.35,2335.0,2437.6,2322.55,2427.0,2430.35,2401.21,1888980,4535838607.0,62604,201417,10.66,4,2018,4.0679127325668585,Among Top gainers
224,JUBLFOOD,EQ,2018-04-09,2430.35,2450.0,2487.0,2436.4,2449.35,2453.15,2460.34,1441401,3546331527.0,52808,230268,15.98,4,2018,0.9381364823996652,Slight Positive
225,JUBLFOOD,EQ,2018-04-10,2453.15,2464.0,2465.9,2407.0,2433.0,2428.6,2430.24,706447,1716838568.0,28927,91266,12.92,4,2018,-1.0007541324419722,Negative
226,JUBLFOOD,EQ,2018-04-11,2428.6,2436.0,2490.85,2424.75,2486.35,2486.35,2468.11,1128564,2785415167.0,40436,107483,9.52,4,2018,2.3779132010211645,Positive
227,JUBLFOOD,EQ,2018-04-12,2486.35,2495.95,2522.0,2471.0,2482.3,2477.5,2497.15,1314332,3282079670.0,47926,177046,13.47,4,2018,-0.3559434512437898,Slight or No Change
228,JUBLFOOD,EQ,2018-04-13,2477.5,2485.0,2511.8,2454.0,2494.0,2493.75,2487.16,855946,2128878228.0,34320,133221,15.56,4,2018,0.6559031281533789,Slight Positive
229,JUBLFOOD,EQ,2018-04-16,2493.75,2473.0,2502.4,2463.5,2482.85,2484.15,2483.45,611421,1518430493.0,22731,136361,22.3,4,2018,-0.3849624060150325,Slight or No Change
230,JUBLFOOD,EQ,2018-04-17,2484.15,2491.1,2538.7,2477.05,2514.0,2514.75,2518.38,1083596,2728904933.0,36002,129964,11.99,4,2018,1.2318096733288986,Positive
231,JUBLFOOD,EQ,2018-04-18,2514.75,2514.75,2532.2,2478.45,2487.4,2486.9,2502.39,511719,1280519609.0,20449,58387,11.41,4,2018,-1.1074659508897522,Negative
232,JUBLFOOD,EQ,2018-04-19,2486.9,2505.5,2511.25,2470.0,2481.0,2478.55,2484.53,477367,1186032111.0,27846,89321,18.71,4,2018,-0.33575937914672727,Slight or No Change
233,JUBLFOOD,EQ,2018-04-20,2478.55,2448.2,2473.4,2430.3,2450.0,2445.85,2447.26,637112,1559177451.0,28496,199991,31.39,4,2018,-1.3193197635714582,Negative
234,JUBLFOOD,EQ,2018-04-23,2445.85,2451.0,2482.35,2421.65,2465.0,2460.55,2458.69,551997,1357188136.0,20361,136233,24.68,4,2018,0.6010180509843366,Slight Positive
235,JUBLFOOD,EQ,2018-04-24,2460.55,2490.0,2490.0,2432.85,2454.0,2448.35,2451.73,343207,841452224.1,14988,45468,13.25,4,2018,-0.4958241043669154,Slight or No Change
236,JUBLFOOD,EQ,2018-04-25,2448.35,2442.4,2481.0,2435.0,2454.0,2457.75,2462.79,465933,1147494461.0,21871,112930,24.24,4,2018,0.38393203586089,Slight or No Change
237,JUBLFOOD,EQ,2018-04-26,2457.75,2460.0,2539.8,2449.0,2526.0,2525.8,2509.97,1195758,3001322520.0,45192,257768,21.56,4,2018,2.768792594853031,Positive
238,JUBLFOOD,EQ,2018-04-27,2525.8,2539.0,2565.85,2511.1,2554.45,2551.35,2542.57,675460,1717403402.0,27473,114508,16.95,4,2018,1.011560693641611,Positive
239,JUBLFOOD,EQ,2018-04-30,2551.35,2522.0,2565.1,2522.0,2547.9,2540.25,2542.18,291989,742289302.4,21722,74169,25.4,4,2018,-0.4350637897583609,Slight or No Change
240,JUBLFOOD,EQ,2018-05-02,2540.25,2555.0,2594.8,2520.15,2555.1,2549.8,2568.93,602449,1547647274.0,23872,132153,21.94,5,2018,0.37594724928649015,Slight or No Change
241,JUBLFOOD,EQ,2018-05-03,2549.8,2549.4,2590.0,2524.25,2550.0,2546.0,2549.44,491955,1254208262.0,26254,122084,24.82,5,2018,-0.14903129657228842,Slight or No Change
242,JUBLFOOD,EQ,2018-05-04,2546.0,2549.9,2575.0,2540.45,2572.0,2565.3,2560.24,333973,855052359.8,16466,72180,21.61,5,2018,0.7580518460329921,Slight Positive
243,JUBLFOOD,EQ,2018-05-07,2565.3,2583.0,2628.5,2573.0,2614.0,2605.15,2605.37,972116,2532721978.0,50888,274381,28.23,5,2018,1.5534245507347944,Positive
244,JUBLFOOD,EQ,2018-05-08,2605.15,2633.0,2668.8,2535.6,2555.95,2560.35,2598.13,4867929,12647503646.0,216991,655758,13.47,5,2018,-1.7196706523616712,Negative
245,JUBLFOOD,EQ,2018-05-09,2560.35,2590.0,2645.0,2540.0,2548.95,2555.1,2600.02,2480681,6449815375.0,103940,292998,11.81,5,2018,-0.20505009080790115,Slight or No Change
246,JUBLFOOD,EQ,2018-05-10,2555.1,2560.0,2583.45,2463.0,2478.0,2474.6,2506.01,1693538,4244022902.0,70772,194577,11.49,5,2018,-3.150561621854331,Among top Losers
247,JUBLFOOD,EQ,2018-05-11,2474.6,2478.0,2515.0,2433.0,2477.9,2477.85,2477.65,1325718,3284667224.0,52794,327923,24.74,5,2018,0.13133435706780272,Slight or No Change
248,JUBLFOOD,EQ,2018-05-14,2477.85,2485.0,2498.05,2423.0,2437.45,2437.8,2460.1,466802,1148377683.0,22459,97631,20.91,5,2018,-1.6163206005206043,Negative
249,JUBLFOOD,EQ,2018-05-15,2437.8,2441.0,2482.0,2388.4,2401.0,2400.45,2432.81,927796,2257154516.0,46912,168490,18.16,5,2018,-1.5321191238001575,Negative
250,JUBLFOOD,EQ,2018-05-16,2400.45,2395.0,2470.25,2381.55,2468.0,2457.25,2430.22,812412,1974341582.0,43922,157788,19.42,5,2018,2.366222999854206,Positive
251,JUBLFOOD,EQ,2018-05-17,2457.25,2480.0,2485.0,2433.6,2455.0,2449.9,2454.95,623180,1529877176.0,40130,180336,28.94,5,2018,-0.29911486417742994,Slight or No Change
252,JUBLFOOD,EQ,2018-05-18,2449.9,2445.0,2519.0,2443.7,2513.0,2497.85,2488.4,956317,2379695049.0,41148,188407,19.7,5,2018,1.9572227437854472,Positive
253,JUBLFOOD,EQ,2018-05-21,2497.85,2513.0,2545.9,2490.25,2524.95,2527.25,2521.9,842140,2123793698.0,41208,159689,18.96,5,2018,1.1770122305182484,Positive
254,JUBLFOOD,EQ,2018-05-22,2527.25,2520.0,2543.6,2500.5,2517.15,2512.8,2522.86,400527,1010474160.0,21486,64877,16.2,5,2018,-0.5717677317242043,Slight Negative
255,JUBLFOOD,EQ,2018-05-23,2512.8,2519.95,2581.95,2514.0,2574.0,2565.3,2559.3,889208,2275750258.0,46568,317809,35.74,5,2018,2.089302769818535,Positive
256,JUBLFOOD,EQ,2018-05-24,2565.3,2575.0,2667.45,2566.05,2662.0,2653.7,2623.9,911079,2390579903.0,43776,179934,19.75,5,2018,3.445990722332648,Among Top gainers
257,JUBLFOOD,EQ,2018-05-25,2653.7,2670.0,2696.0,2650.95,2660.0,2662.05,2673.6,753693,2015071824.0,42692,151792,20.14,5,2018,0.31465500998606455,Slight or No Change
258,JUBLFOOD,EQ,2018-05-28,2662.05,2665.1,2750.0,2645.1,2725.0,2730.4,2720.07,971711,2643117611.0,45677,138333,14.24,5,2018,2.5675701057455758,Positive
259,JUBLFOOD,EQ,2018-05-29,2730.4,2700.0,2700.0,2565.0,2572.0,2576.45,2614.23,1581977,4135655471.0,67128,413511,26.14,5,2018,-5.638368004687965,Among top Losers
260,JUBLFOOD,EQ,2018-05-30,2576.45,2621.0,2664.0,2495.0,2514.0,2506.15,2570.6,3174937,8161485902.0,141383,401455,12.64,5,2018,-2.7285606163519494,Negative
261,JUBLFOOD,EQ,2018-05-31,2506.15,2560.0,2574.9,2497.6,2507.1,2508.6,2527.26,1439316,3637519096.0,71637,212353,14.75,5,2018,0.09775951160144736,Slight or No Change
262,JUBLFOOD,EQ,2018-06-01,2508.6,2524.15,2545.0,2470.05,2501.0,2501.1,2503.0,921980,2307714877.0,48710,156108,16.93,6,2018,-0.29897153790958697,Slight or No Change
263,JUBLFOOD,EQ,2018-06-04,2501.1,2523.9,2576.8,2470.1,2549.0,2561.15,2542.68,1327445,3375272924.0,80099,381744,28.76,6,2018,2.400943584822679,Positive
264,JUBLFOOD,EQ,2018-06-05,2561.15,2563.9,2597.0,2538.0,2572.0,2564.4,2568.49,989980,2542750055.0,49942,246699,24.92,6,2018,0.1268961208831909,Slight or No Change
265,JUBLFOOD,EQ,2018-06-06,2564.4,2577.0,2638.5,2560.0,2631.0,2631.55,2599.28,892316,2319374791.0,41927,158071,17.71,6,2018,2.6185462486351563,Positive
266,JUBLFOOD,EQ,2018-06-07,2631.55,2650.0,2685.6,2620.4,2655.0,2656.1,2656.12,810288,2152219514.0,45603,176563,21.79,6,2018,0.932910262012876,Slight Positive
267,JUBLFOOD,EQ,2018-06-08,2656.1,2659.75,2688.0,2630.45,2678.0,2679.25,2661.4,649150,1727649151.0,38878,113202,17.44,6,2018,0.8715786303226558,Slight Positive
268,JUBLFOOD,EQ,2018-06-11,2679.25,2690.0,2735.9,2682.0,2693.0,2697.85,2712.16,734729,1992699681.0,34548,160208,21.81,6,2018,0.6942241298870888,Slight Positive
269,JUBLFOOD,EQ,2018-06-12,2697.85,2713.0,2723.8,2682.7,2700.0,2697.3,2700.8,484839,1309451236.0,24840,89202,18.4,6,2018,-0.020386604147737408,Slight or No Change
270,JUBLFOOD,EQ,2018-06-13,2697.3,2718.0,2729.9,2660.9,2675.0,2670.6,2699.7,735447,1985487912.0,36093,115961,15.77,6,2018,-0.9898787676565601,Slight Negative
271,JUBLFOOD,EQ,2018-06-14,2670.6,2675.0,2729.0,2670.0,2726.0,2721.45,2693.42,963032,2593846702.0,33811,395721,41.09,6,2018,1.9040665019096847,Positive
272,JUBLFOOD,EQ,2018-06-15,2721.45,2739.0,2784.0,2720.0,2770.0,2765.3,2749.4,1421623,3908604241.0,46286,457181,32.16,6,2018,1.61127340204672,Positive
273,JUBLFOOD,EQ,2018-06-18,2765.3,2770.0,2817.9,2751.55,2806.0,2810.7,2788.86,1069147,2981699123.0,45188,208249,19.48,6,2018,1.6417748526380338,Positive
274,JUBLFOOD,EQ,2018-06-19,2810.7,2789.0,2806.8,2740.0,2747.55,2751.55,2766.35,713690,1974317636.0,45183,176557,24.74,6,2018,-2.104457964208195,Negative
275,JUBLFOOD,EQ,2018-06-20,2751.55,2760.0,2768.0,2711.3,2726.3,2723.0,2741.98,859394,2356437403.0,51174,270875,31.52,6,2018,-1.0375969907870153,Negative
276,JUBLFOOD,EQ,2018-06-21,2723.0,1368.0,1385.25,1350.7,1361.8,1356.65,1360.09,710681,966591108.6,29957,94301,13.27,6,2018,-50.178112376055815,Bear Drop
277,JUBLFOOD,EQ,2018-06-22,1356.65,1360.9,1400.0,1353.05,1392.85,1394.55,1386.71,1726396,2394002019.0,53118,130362,7.55,6,2018,2.7936461135886104,Positive
278,JUBLFOOD,EQ,2018-06-25,1394.55,1390.0,1417.5,1386.35,1398.0,1394.85,1402.14,1042571,1461832528.0,30588,147659,14.16,6,2018,0.02151231580078683,Slight or No Change
279,JUBLFOOD,EQ,2018-06-26,1394.85,1391.1,1415.0,1381.0,1406.5,1406.65,1401.82,950864,1332944661.0,33400,186809,19.65,6,2018,0.8459691006201586,Slight Positive
280,JUBLFOOD,EQ,2018-06-27,1406.65,1417.65,1431.85,1385.0,1391.0,1390.3,1410.52,1625532,2292841503.0,57043,314776,19.36,6,2018,-1.162336046635637,Negative
281,JUBLFOOD,EQ,2018-06-28,1390.3,1393.0,1402.0,1355.4,1374.0,1364.3,1376.67,1282427,1765476326.0,41786,376590,29.37,6,2018,-1.870099978421924,Negative
282,JUBLFOOD,EQ,2018-06-29,1364.3,1374.0,1394.9,1365.15,1394.75,1386.45,1378.91,688648,949583272.0,42122,165947,24.1,6,2018,1.623543208971645,Positive
283,JUBLFOOD,EQ,2018-07-02,1386.45,1396.0,1430.0,1377.2,1417.0,1408.65,1397.45,902871,1261720222.0,33400,182311,20.19,7,2018,1.6012117277940163,Positive
284,JUBLFOOD,EQ,2018-07-03,1408.65,1417.0,1438.0,1408.1,1431.85,1431.85,1423.37,1460747,2079190056.0,58533,319851,21.9,7,2018,1.6469669541759657,Positive
285,JUBLFOOD,EQ,2018-07-04,1431.85,1435.0,1439.45,1418.5,1432.95,1428.9,1429.46,980448,1401509759.0,37270,311499,31.77,7,2018,-0.20602716765022455,Slight or No Change
286,JUBLFOOD,EQ,2018-07-05,1428.9,1426.5,1426.5,1410.0,1417.0,1416.5,1417.36,645774,915295833.7,39154,194061,30.05,7,2018,-0.8678004059066491,Slight Negative
287,JUBLFOOD,EQ,2018-07-06,1416.5,1419.0,1420.0,1348.4,1367.9,1365.45,1381.44,1812180,2503425934.0,66751,544627,30.05,7,2018,-3.603953406283089,Among top Losers
288,JUBLFOOD,EQ,2018-07-09,1365.45,1378.95,1415.5,1370.0,1415.5,1411.85,1397.85,1728540,2416238203.0,69778,386238,22.34,7,2018,3.398147130982454,Among Top gainers
289,JUBLFOOD,EQ,2018-07-10,1411.85,1424.9,1434.9,1405.9,1417.1,1415.65,1421.14,1129887,1605725829.0,45676,253571,22.44,7,2018,0.2691504054963545,Slight or No Change
290,JUBLFOOD,EQ,2018-07-11,1415.65,1412.0,1440.0,1405.65,1429.0,1427.95,1429.23,977089,1396487651.0,40476,198337,20.3,7,2018,0.8688588281001719,Slight Positive
291,JUBLFOOD,EQ,2018-07-12,1427.95,1439.9,1444.95,1415.0,1426.0,1424.6,1427.87,798731,1140481911.0,36590,148953,18.65,7,2018,-0.2346020518925851,Slight or No Change
292,JUBLFOOD,EQ,2018-07-13,1424.6,1429.0,1436.0,1396.0,1412.0,1408.7,1412.35,765549,1081221329.0,40584,151823,19.83,7,2018,-1.116102765688609,Negative
293,JUBLFOOD,EQ,2018-07-16,1408.7,1408.7,1444.15,1401.45,1420.6,1419.6,1425.4,1505919,2146544353.0,68355,384809,25.55,7,2018,0.7737630439412113,Slight Positive
294,JUBLFOOD,EQ,2018-07-17,1419.6,1424.95,1435.7,1412.4,1428.0,1428.45,1426.11,1067706,1522661437.0,45527,249216,23.34,7,2018,0.6234150464919708,Slight Positive
295,JUBLFOOD,EQ,2018-07-18,1428.45,1435.0,1440.0,1407.0,1424.0,1418.45,1423.48,838192,1193152000.0,38190,240360,28.68,7,2018,-0.7000595050579261,Slight Negative
296,JUBLFOOD,EQ,2018-07-19,1418.45,1419.15,1430.0,1410.0,1417.85,1415.95,1417.93,537723,762454689.6,32540,195708,36.4,7,2018,-0.17624872219675902,Slight or No Change
297,JUBLFOOD,EQ,2018-07-20,1415.95,1424.0,1499.0,1413.05,1482.0,1481.4,1475.56,2498313,3686411682.0,112265,515327,20.63,7,2018,4.6223383594053535,Among Top gainers
298,JUBLFOOD,EQ,2018-07-23,1481.4,1491.15,1493.0,1375.35,1449.0,1450.3,1442.88,1749298,2524025052.0,67455,301044,17.21,7,2018,-2.099365465100589,Negative
299,JUBLFOOD,EQ,2018-07-24,1450.3,1451.75,1457.0,1411.0,1440.0,1437.3,1431.94,1418423,2031091988.0,62385,341336,24.06,7,2018,-0.896366269047788,Slight Negative
300,JUBLFOOD,EQ,2018-07-25,1437.3,1449.9,1490.0,1377.0,1394.3,1400.35,1437.5,7507974,10792691934.0,229733,856534,11.41,7,2018,-2.570792458081128,Negative
301,JUBLFOOD,EQ,2018-07-26,1400.35,1425.0,1438.0,1387.6,1393.0,1396.4,1411.58,3907259,5515397446.0,117229,956328,24.48,7,2018,-0.2820723390580815,Slight or No Change
302,JUBLFOOD,EQ,2018-07-27,1396.4,1395.0,1421.0,1375.5,1415.2,1415.15,1402.89,1545485,2168148356.0,60207,389984,25.23,7,2018,1.3427384703523337,Positive
303,JUBLFOOD,EQ,2018-07-30,1415.15,1420.0,1441.5,1408.35,1419.25,1420.0,1426.99,1266145,1806774977.0,43683,278018,21.96,7,2018,0.34271985301910224,Slight or No Change
304,JUBLFOOD,EQ,2018-07-31,1420.0,1423.0,1423.0,1400.0,1406.0,1404.9,1407.78,827286,1164638032.0,29224,283635,34.28,7,2018,-1.0633802816901294,Negative
305,JUBLFOOD,EQ,2018-08-01,1404.9,1409.0,1413.0,1382.6,1395.0,1395.7,1398.67,1311379,1834181724.0,52636,402355,30.68,8,2018,-0.6548508790661267,Slight Negative
306,JUBLFOOD,EQ,2018-08-02,1395.7,1395.0,1432.2,1387.35,1420.0,1417.65,1419.86,1497620,2126404137.0,50290,322699,21.55,8,2018,1.5726875403023532,Positive
307,JUBLFOOD,EQ,2018-08-03,1417.65,1428.0,1464.45,1423.25,1451.5,1451.5,1448.5,2488860,3605125245.0,61953,991429,39.83,8,2018,2.387754382252316,Positive
308,JUBLFOOD,EQ,2018-08-06,1451.5,1463.0,1502.0,1455.0,1502.0,1493.2,1481.11,1753655,2597354546.0,45037,723358,41.25,8,2018,2.872890113675508,Positive
309,JUBLFOOD,EQ,2018-08-07,1493.2,1509.75,1528.0,1484.0,1490.0,1491.2,1507.78,2322521,3501844914.0,68814,433007,18.64,8,2018,-0.13394053040449716,Slight or No Change
310,JUBLFOOD,EQ,2018-08-08,1491.2,1491.45,1518.4,1488.1,1498.65,1499.45,1504.38,1010066,1519521504.0,52582,311635,30.85,8,2018,0.553245708154515,Slight Positive
311,JUBLFOOD,EQ,2018-08-09,1499.45,1505.0,1523.0,1491.55,1498.0,1498.8,1505.58,934588,1407099119.0,27027,366414,39.21,8,2018,-0.0433492280502934,Slight or No Change
312,JUBLFOOD,EQ,2018-08-10,1498.8,1498.0,1529.8,1495.9,1522.6,1521.4,1518.36,1275578,1936791406.0,38314,337474,26.46,8,2018,1.5078729650387146,Positive
313,JUBLFOOD,EQ,2018-08-13,1521.4,1520.95,1523.65,1497.0,1504.5,1502.2,1511.52,853357,1289863787.0,38582,210390,24.65,8,2018,-1.2619955304325026,Negative
314,JUBLFOOD,EQ,2018-08-14,1502.2,1508.8,1519.0,1502.5,1505.15,1507.1,1511.13,622918,941312149.0,16373,191344,30.72,8,2018,0.32618825722272593,Slight or No Change
315,JUBLFOOD,EQ,2018-08-16,1507.1,1504.0,1539.5,1500.0,1510.0,1509.55,1524.51,1443475,2200596509.0,58739,386475,26.77,8,2018,0.16256386437529802,Slight or No Change
316,JUBLFOOD,EQ,2018-08-17,1509.55,1519.8,1524.8,1505.45,1511.5,1510.5,1514.1,637693,965530706.6,20910,152085,23.85,8,2018,0.06293266205161796,Slight or No Change
317,JUBLFOOD,EQ,2018-08-20,1510.5,1518.0,1522.0,1505.45,1512.3,1512.6,1514.1,352076,533078901.9,19331,62246,17.68,8,2018,0.13902681231379166,Slight or No Change
318,JUBLFOOD,EQ,2018-08-21,1512.6,1522.75,1532.5,1505.7,1519.0,1519.2,1520.7,587258,893044787.2,20633,131217,22.34,8,2018,0.436334787782644,Slight or No Change
319,JUBLFOOD,EQ,2018-08-23,1519.2,1520.05,1526.85,1495.9,1502.0,1504.9,1508.26,682064,1028731747.0,35982,264804,38.82,8,2018,-0.9412848867825119,Slight Negative
320,JUBLFOOD,EQ,2018-08-24,1504.9,1505.0,1544.9,1505.0,1527.0,1522.45,1529.0,1375051,2102452494.0,40994,194093,14.12,8,2018,1.1661904445477989,Positive
321,JUBLFOOD,EQ,2018-08-27,1522.45,1534.85,1558.0,1522.0,1557.3,1551.5,1541.71,1131085,1743801948.0,33192,235819,20.85,8,2018,1.9081086406778525,Positive
322,JUBLFOOD,EQ,2018-08-28,1551.5,1566.0,1578.0,1556.35,1556.65,1564.25,1567.23,1047002,1640891707.0,29741,207566,19.82,8,2018,0.8217853689977517,Slight Positive
323,JUBLFOOD,EQ,2018-08-29,1564.25,1560.0,1568.0,1545.0,1548.25,1549.15,1554.28,424655,660034777.8,13818,65989,15.54,8,2018,-0.9653188428959458,Slight Negative
324,JUBLFOOD,EQ,2018-08-30,1549.15,1550.0,1562.4,1522.3,1527.35,1526.05,1537.78,1640069,2522068522.0,34871,857955,52.31,8,2018,-1.491140302746674,Negative
325,JUBLFOOD,EQ,2018-08-31,1526.05,1527.9,1560.0,1523.1,1557.1,1549.35,1539.62,710787,1094341560.0,26254,174965,24.62,8,2018,1.5268176009960222,Positive
326,JUBLFOOD,EQ,2018-09-03,1549.35,1556.7,1558.0,1518.8,1526.3,1526.25,1541.21,430144,662942390.0,13529,70930,16.49,9,2018,-1.4909478168264045,Negative
327,JUBLFOOD,EQ,2018-09-04,1526.25,1526.0,1526.9,1436.7,1449.65,1448.75,1459.1,1714015,2500913123.0,61751,354286,20.67,9,2018,-5.077805077805076,Among top Losers
328,JUBLFOOD,EQ,2018-09-05,1448.75,1445.0,1461.8,1390.6,1430.0,1432.1,1425.98,1337839,1907729332.0,47834,282424,21.11,9,2018,-1.149266609145827,Negative
329,JUBLFOOD,EQ,2018-09-06,1432.1,1438.0,1451.0,1405.4,1416.2,1416.95,1425.56,1055786,1505082508.0,52168,376852,35.69,9,2018,-1.0578870190629086,Negative
330,JUBLFOOD,EQ,2018-09-07,1416.95,1419.95,1422.7,1394.9,1409.05,1408.8,1407.35,970102,1365271241.0,31978,356861,36.79,9,2018,-0.5751790818307012,Slight Negative
331,JUBLFOOD,EQ,2018-09-10,1408.8,1407.7,1423.0,1386.0,1390.0,1390.55,1402.61,762887,1070034390.0,29922,155666,20.4,9,2018,-1.2954287336740533,Negative
332,JUBLFOOD,EQ,2018-09-11,1390.55,1396.1,1403.0,1345.2,1361.0,1353.3,1370.49,1062031,1455500814.0,38015,445518,41.95,9,2018,-2.6787961597928844,Negative
333,JUBLFOOD,EQ,2018-09-12,1353.3,1360.0,1360.0,1308.4,1344.0,1345.1,1329.63,1814063,2412038930.0,73249,725641,40.0,9,2018,-0.605926254341238,Slight Negative
334,JUBLFOOD,EQ,2018-09-14,1345.1,1352.0,1366.0,1326.0,1335.0,1335.75,1340.01,1082952,1451170271.0,43554,365315,33.73,9,2018,-0.6951156047877438,Slight Negative
335,JUBLFOOD,EQ,2018-09-17,1335.75,1324.0,1366.0,1315.35,1359.0,1358.95,1343.88,1288984,1732240505.0,43748,371229,28.8,9,2018,1.7368519558300655,Positive
336,JUBLFOOD,EQ,2018-09-18,1358.95,1364.0,1415.0,1358.3,1380.95,1387.35,1392.97,2571311,3581754497.0,102953,374542,14.57,9,2018,2.089848780308312,Positive
337,JUBLFOOD,EQ,2018-09-19,1387.35,1395.75,1402.3,1321.0,1332.0,1332.2,1348.2,1423873,1919671177.0,55224,386696,27.16,9,2018,-3.9752045266154834,Among top Losers
338,JUBLFOOD,EQ,2018-09-21,1332.2,1350.0,1353.0,1132.4,1299.5,1303.7,1292.25,2513560,3248154965.0,85741,575844,22.91,9,2018,-2.1393184206575544,Negative
339,JUBLFOOD,EQ,2018-09-24,1303.7,1302.0,1343.2,1260.1,1267.0,1274.1,1293.0,799885,1034249134.0,35198,160777,20.1,9,2018,-2.270460995627843,Negative
340,JUBLFOOD,EQ,2018-09-25,1274.1,1264.0,1296.5,1245.0,1257.0,1260.05,1271.37,882793,1122358084.0,31645,117037,13.26,9,2018,-1.1027391884467441,Negative
341,JUBLFOOD,EQ,2018-09-26,1260.05,1269.5,1306.4,1262.65,1286.1,1292.0,1292.39,1222852,1580399683.0,47337,390691,31.95,9,2018,2.535613666124359,Positive
342,JUBLFOOD,EQ,2018-09-27,1292.0,1293.9,1314.9,1233.15,1239.0,1238.95,1268.42,1737643,2204068476.0,54556,522969,30.1,9,2018,-4.106037151702779,Among top Losers
343,JUBLFOOD,EQ,2018-09-28,1238.95,1248.8,1274.0,1180.0,1241.8,1229.75,1234.49,2087782,2577347389.0,70738,631206,30.23,9,2018,-0.7425642681302747,Slight Negative
344,JUBLFOOD,EQ,2018-10-01,1229.75,1240.0,1258.0,1205.0,1247.0,1240.75,1231.22,1128958,1389999255.0,34914,153213,13.57,10,2018,0.8944907501524657,Slight Positive
345,JUBLFOOD,EQ,2018-10-03,1240.75,1241.0,1241.0,1180.1,1187.0,1192.1,1210.23,1286107,1556484092.0,47741,348771,27.12,10,2018,-3.9210155148096004,Among top Losers
346,JUBLFOOD,EQ,2018-10-04,1192.1,1162.0,1184.55,1104.0,1119.95,1125.7,1139.61,2071441,2360634668.0,79838,551083,26.6,10,2018,-5.570002516567396,Among top Losers
347,JUBLFOOD,EQ,2018-10-05,1125.7,1117.2,1174.85,1080.4,1148.0,1152.05,1140.11,1956290,2230384115.0,63909,360071,18.41,10,2018,2.3407657457581887,Positive
348,JUBLFOOD,EQ,2018-10-08,1152.05,1156.0,1193.95,1119.2,1178.0,1183.15,1157.97,1407408,1629741538.0,46106,303233,21.55,10,2018,2.69953561043359,Positive
349,JUBLFOOD,EQ,2018-10-09,1183.15,1187.0,1193.8,1141.0,1150.0,1153.4,1161.87,1277204,1483943515.0,44785,253478,19.85,10,2018,-2.514474073448003,Negative
350,JUBLFOOD,EQ,2018-10-10,1153.4,1153.4,1204.9,1153.4,1193.0,1190.9,1189.13,1276596,1518040889.0,40629,392382,30.74,10,2018,3.2512571527657297,Among Top gainers
351,JUBLFOOD,EQ,2018-10-11,1190.9,1154.95,1194.0,1120.8,1135.15,1144.8,1156.22,1314444,1519780536.0,40463,329709,25.08,10,2018,-3.8710219161978476,Among top Losers
352,JUBLFOOD,EQ,2018-10-12,1144.8,1151.4,1195.4,1150.0,1188.1,1187.3,1182.37,1014080,1199014066.0,36059,216128,21.31,10,2018,3.7124388539482966,Among Top gainers
353,JUBLFOOD,EQ,2018-10-15,1187.3,1188.15,1194.4,1156.0,1175.4,1176.0,1176.09,788857,927764241.0,25620,204183,25.88,10,2018,-0.9517392402931035,Slight Negative
354,JUBLFOOD,EQ,2018-10-16,1176.0,1187.0,1239.0,1181.5,1220.0,1217.9,1221.19,1767581,2158558531.0,64269,230240,13.03,10,2018,3.562925170068043,Among Top gainers
355,JUBLFOOD,EQ,2018-10-17,1217.9,1235.0,1264.0,1195.6,1206.85,1208.0,1229.0,1453993,1786954336.0,44274,480905,33.07,10,2018,-0.812874620247972,Slight Negative
356,JUBLFOOD,EQ,2018-10-19,1208.0,1198.0,1275.0,1192.15,1275.0,1268.3,1246.69,1789306,2230715015.0,64232,481494,26.91,10,2018,4.991721854304632,Among Top gainers
357,JUBLFOOD,EQ,2018-10-22,1268.3,1284.9,1293.6,1230.0,1240.0,1234.6,1262.08,1289684,1627681859.0,58231,153559,11.91,10,2018,-2.6571000551919965,Negative
358,JUBLFOOD,EQ,2018-10-23,1234.6,1224.6,1247.5,1171.0,1201.0,1198.9,1205.74,1638747,1975907221.0,48724,366697,22.38,10,2018,-2.8916248177547232,Negative
359,JUBLFOOD,EQ,2018-10-24,1198.9,1210.1,1250.0,1167.0,1192.85,1193.45,1211.35,4559062,5522600990.0,139615,544641,11.95,10,2018,-0.4545833680874134,Slight or No Change
360,JUBLFOOD,EQ,2018-10-25,1193.45,1164.05,1166.8,1065.2,1074.1,1074.1,1101.59,5604538,6173916149.0,163612,1187902,21.2,10,2018,-10.000418953454282,Bear Drop
361,JUBLFOOD,EQ,2018-10-26,1074.1,1070.0,1081.5,977.0,1050.0,1055.55,1038.65,4265919,4430800638.0,162445,747840,17.53,10,2018,-1.7270272786518936,Negative
362,JUBLFOOD,EQ,2018-10-29,1055.55,1065.0,1105.0,1047.1,1090.5,1093.45,1085.07,1813832,1968137492.0,51401,332788,18.35,10,2018,3.5905452133958793,Among Top gainers
363,JUBLFOOD,EQ,2018-10-30,1093.45,1090.0,1096.4,1050.0,1061.9,1065.05,1068.47,1848454,1975018059.0,58552,451949,24.45,10,2018,-2.5972838264209708,Negative
364,JUBLFOOD,EQ,2018-10-31,1065.05,1070.0,1089.0,1012.45,1081.45,1083.5,1045.15,3360642,3512370439.0,104957,918262,27.32,10,2018,1.732313036946631,Positive
365,JUBLFOOD,EQ,2018-11-01,1083.5,1089.95,1144.5,1074.2,1107.8,1104.45,1113.12,3497318,3892948983.0,95889,1017999,29.11,11,2018,1.9335486848177208,Positive
366,JUBLFOOD,EQ,2018-11-02,1104.45,1115.0,1143.3,1060.1,1083.5,1080.1,1105.34,2319126,2563426632.0,74600,565348,24.38,11,2018,-2.2047172800941817,Negative
367,JUBLFOOD,EQ,2018-11-05,1080.1,1084.8,1084.95,1045.0,1054.1,1052.1,1058.0,1654893,1750875292.0,57154,476193,28.77,11,2018,-2.5923525599481523,Negative
368,JUBLFOOD,EQ,2018-11-06,1052.1,1059.7,1078.45,1036.65,1044.0,1043.3,1055.08,1482310,1563961520.0,44073,417394,28.16,11,2018,-0.8364223933086112,Slight Negative
369,JUBLFOOD,EQ,2018-11-07,1043.3,1060.0,1062.7,1044.0,1051.0,1047.8,1048.67,187976,197125124.0,6381,40979,21.8,11,2018,0.4313236844627699,Slight or No Change
370,JUBLFOOD,EQ,2018-11-09,1047.8,1054.7,1093.4,1047.5,1088.75,1089.35,1077.03,1974434,2126532976.0,73112,562118,28.47,11,2018,3.965451422027111,Among Top gainers
371,JUBLFOOD,EQ,2018-11-12,1089.35,1092.35,1111.0,1077.0,1103.0,1100.95,1094.49,1564161,1711964060.0,44668,251044,16.05,11,2018,1.0648551888741142,Positive
372,JUBLFOOD,EQ,2018-11-13,1100.95,1102.85,1157.3,1084.5,1157.0,1151.35,1127.21,2747549,3097055931.0,84585,510144,18.57,11,2018,4.577864571506418,Among Top gainers
373,JUBLFOOD,EQ,2018-11-14,1151.35,1160.9,1178.0,1144.35,1152.0,1154.45,1160.86,1682757,1953440879.0,48620,133479,7.93,11,2018,0.269249142311212,Slight or No Change
374,JUBLFOOD,EQ,2018-11-15,1154.45,1158.8,1198.7,1151.0,1197.0,1192.5,1182.19,1818864,2150234030.0,51207,273869,15.06,11,2018,3.2959417904629973,Among Top gainers
375,JUBLFOOD,EQ,2018-11-16,1192.5,1199.45,1222.0,1173.05,1188.0,1191.1,1199.5,2025529,2429617387.0,66218,376363,18.58,11,2018,-0.1174004192872169,Slight or No Change
376,JUBLFOOD,EQ,2018-11-19,1191.1,1199.7,1215.9,1174.0,1209.0,1207.6,1195.96,1220803,1460033339.0,40659,129286,10.59,11,2018,1.3852741163630222,Positive
377,JUBLFOOD,EQ,2018-11-20,1207.6,1209.95,1227.95,1205.0,1210.9,1214.2,1218.07,1560063,1900267599.0,47758,209960,13.46,11,2018,0.5465385889367402,Slight Positive
378,JUBLFOOD,EQ,2018-11-21,1214.2,1214.0,1223.9,1195.0,1223.9,1213.95,1207.7,1213947,1466080281.0,42372,130273,10.73,11,2018,-0.020589688683902985,Slight or No Change
379,JUBLFOOD,EQ,2018-11-22,1213.95,1223.9,1225.0,1205.1,1209.6,1211.4,1216.71,869826,1058322800.0,28787,103044,11.85,11,2018,-0.21005807487952666,Slight or No Change
380,JUBLFOOD,EQ,2018-11-26,1211.4,1217.7,1236.3,1213.2,1229.0,1228.95,1226.55,1221513,1498246965.0,36766,140022,11.46,11,2018,1.4487369985141108,Positive
381,JUBLFOOD,EQ,2018-11-27,1228.95,1229.4,1247.0,1215.5,1246.0,1243.4,1232.61,1167044,1438514935.0,44138,280652,24.05,11,2018,1.1758004800846322,Positive
382,JUBLFOOD,EQ,2018-11-28,1243.4,1244.0,1254.0,1235.0,1244.0,1244.8,1244.79,1275957,1588299841.0,39722,267708,20.98,11,2018,0.11259449895446583,Slight or No Change
383,JUBLFOOD,EQ,2018-11-29,1244.8,1248.1,1250.0,1224.0,1228.0,1228.65,1231.2,1127323,1387955131.0,32852,376980,33.44,11,2018,-1.2973971722364919,Negative
384,JUBLFOOD,EQ,2018-11-30,1228.65,1234.0,1272.65,1220.0,1266.1,1258.05,1248.36,1245114,1554354808.0,41035,360765,28.97,11,2018,2.392870223415944,Positive
385,JUBLFOOD,EQ,2018-12-03,1258.05,1264.85,1355.0,1254.05,1321.0,1329.95,1318.2,3876048,5109422036.0,118952,754068,19.45,12,2018,5.715194149676095,Among Top gainers
386,JUBLFOOD,EQ,2018-12-04,1329.95,1321.0,1348.0,1315.0,1336.0,1335.75,1334.18,1550693,2068901440.0,45922,178948,11.54,12,2018,0.43610662054964777,Slight or No Change
387,JUBLFOOD,EQ,2018-12-05,1335.75,1320.0,1332.5,1305.05,1320.1,1323.95,1314.81,1055417,1387669351.0,35185,148325,14.05,12,2018,-0.8833988396032111,Slight Negative
388,JUBLFOOD,EQ,2018-12-06,1323.95,1308.5,1338.9,1291.9,1298.5,1301.85,1317.54,1425920,1878709549.0,39921,197687,13.86,12,2018,-1.6692473280713105,Negative
389,JUBLFOOD,EQ,2018-12-07,1301.85,1304.1,1309.55,1222.0,1248.5,1243.4,1249.45,2348274,2934044222.0,74902,504001,21.46,12,2018,-4.489764565810184,Among top Losers
390,JUBLFOOD,EQ,2018-12-10,1243.4,1212.55,1229.0,1187.0,1196.0,1198.2,1204.76,1592583,1918684517.0,47320,137441,8.63,12,2018,-3.6351938233874947,Among top Losers
391,JUBLFOOD,EQ,2018-12-11,1198.2,1185.0,1268.4,1164.05,1264.0,1255.95,1218.88,2057895,2508336546.0,56115,150357,7.31,12,2018,4.819729594391586,Among Top gainers
392,JUBLFOOD,EQ,2018-12-12,1255.95,1265.5,1271.9,1216.7,1233.0,1232.9,1236.6,2258456,2792796912.0,64381,562756,24.92,12,2018,-1.835264142680837,Negative
393,JUBLFOOD,EQ,2018-12-13,1232.9,1250.0,1283.9,1240.0,1244.0,1251.1,1266.16,2276979,2883011601.0,75403,216643,9.51,12,2018,1.4761943385513732,Positive
394,JUBLFOOD,EQ,2018-12-14,1251.1,1244.0,1257.8,1225.0,1249.0,1246.55,1240.64,1435625,1781097710.0,43615,292671,20.39,12,2018,-0.36367996163375604,Slight or No Change
395,JUBLFOOD,EQ,2018-12-17,1246.55,1259.0,1280.0,1248.55,1279.0,1276.95,1267.17,1246423,1579434659.0,40243,172935,13.87,12,2018,2.4387308972764865,Positive
396,JUBLFOOD,EQ,2018-12-18,1276.95,1270.0,1295.0,1263.2,1288.65,1289.4,1284.25,1677757,2154655137.0,40964,232914,13.88,12,2018,0.9749794432045045,Slight Positive
397,JUBLFOOD,EQ,2018-12-19,1289.4,1304.0,1349.0,1299.3,1347.85,1343.65,1333.58,2441586,3256055018.0,56665,323118,13.23,12,2018,4.207383279044508,Among Top gainers
398,JUBLFOOD,EQ,2018-12-20,1343.65,1335.0,1370.0,1325.0,1355.0,1353.35,1354.56,1826832,2474544595.0,46245,131313,7.19,12,2018,0.72191418896288,Slight Positive
399,JUBLFOOD,EQ,2018-12-21,1353.35,1358.8,1376.0,1306.0,1314.95,1313.5,1335.76,1968751,2629769058.0,56449,311981,15.85,12,2018,-2.9445450179184873,Negative
400,JUBLFOOD,EQ,2018-12-24,1313.5,1321.75,1324.75,1213.85,1216.8,1218.95,1246.47,3710907,4625520114.0,146521,838608,22.6,12,2018,-7.198325085649026,Bear Drop
401,JUBLFOOD,EQ,2018-12-26,1218.95,1206.1,1238.0,1146.0,1235.0,1232.85,1196.53,9568927,11449487320.0,269473,607217,6.35,12,2018,1.1403256901431513,Positive
402,JUBLFOOD,EQ,2018-12-27,1232.85,1249.9,1255.9,1215.5,1233.4,1233.4,1234.72,3099448,3826937356.0,77234,234789,7.58,12,2018,0.04461207770614095,Slight or No Change
403,JUBLFOOD,EQ,2018-12-28,1233.4,1245.0,1268.15,1233.8,1246.0,1248.65,1255.07,2488261,3122952891.0,60031,187987,7.55,12,2018,1.236419652991727,Positive
404,JUBLFOOD,EQ,2018-12-31,1248.65,1253.7,1262.0,1241.3,1254.0,1252.0,1251.82,1508620,1888524599.0,33628,102085,6.77,12,2018,0.2682897529331596,Slight or No Change
405,JUBLFOOD,EQ,2019-01-01,1252.0,1256.6,1257.65,1243.4,1250.45,1250.85,1250.23,882074,1102796005.0,22057,46176,5.23,1,2019,-0.09185303514377408,Slight or No Change
406,JUBLFOOD,EQ,2019-01-02,1250.85,1244.0,1276.2,1229.0,1237.0,1239.15,1257.24,2793859,3512544356.0,69127,313505,11.22,1,2019,-0.9353639525122803,Slight Negative
407,JUBLFOOD,EQ,2019-01-03,1239.15,1241.0,1257.1,1235.2,1239.0,1239.65,1246.3,1517963,1891844005.0,61879,192621,12.69,1,2019,0.04035024008393062,Slight or No Change
408,JUBLFOOD,EQ,2019-01-04,1239.65,1244.5,1250.4,1200.25,1210.0,1212.1,1218.27,2473246,3013093178.0,70077,285977,11.56,1,2019,-2.2224014842899376,Negative
409,JUBLFOOD,EQ,2019-01-07,1212.1,1224.5,1236.0,1208.9,1219.0,1217.05,1224.28,1211290,1482959779.0,30735,120611,9.96,1,2019,0.4083821466875692,Slight or No Change
410,JUBLFOOD,EQ,2019-01-08,1217.05,1226.0,1248.0,1213.15,1248.0,1240.25,1230.7,1432995,1763586081.0,39312,310480,21.67,1,2019,1.9062487161579211,Positive
411,JUBLFOOD,EQ,2019-01-09,1240.25,1249.0,1265.5,1225.0,1233.0,1234.15,1242.92,2226302,2767112049.0,60254,400686,18.0,1,2019,-0.49183632332190363,Slight or No Change
412,JUBLFOOD,EQ,2019-01-10,1234.15,1236.85,1243.2,1223.75,1235.95,1233.8,1233.73,853461,1052941894.0,24231,78166,9.16,1,2019,-0.028359599724514517,Slight or No Change
413,JUBLFOOD,EQ,2019-01-11,1233.8,1240.0,1252.0,1230.6,1233.15,1237.6,1241.78,1251272,1553808463.0,33708,144844,11.58,1,2019,0.3079915707570047,Slight or No Change
414,JUBLFOOD,EQ,2019-01-14,1237.6,1235.0,1236.0,1210.5,1218.9,1214.75,1223.76,895577,1095971581.0,24735,128323,14.33,1,2019,-1.8463154492566192,Negative
415,JUBLFOOD,EQ,2019-01-15,1214.75,1223.0,1243.0,1218.9,1235.0,1236.0,1234.15,989193,1220815950.0,25966,117192,11.85,1,2019,1.7493311380942567,Positive
416,JUBLFOOD,EQ,2019-01-16,1236.0,1238.9,1243.5,1207.5,1214.75,1214.75,1221.91,1556003,1901296956.0,50607,502601,32.3,1,2019,-1.719255663430419,Negative
417,JUBLFOOD,EQ,2019-01-17,1214.75,1220.0,1229.5,1198.0,1215.45,1212.3,1216.72,1845442,2245377107.0,47101,382164,20.71,1,2019,-0.2016875900391013,Slight or No Change
418,JUBLFOOD,EQ,2019-01-18,1212.3,1222.0,1227.9,1211.4,1218.0,1217.95,1219.87,1253983,1529690409.0,44592,406497,32.42,1,2019,0.466056256702152,Slight or No Change
419,JUBLFOOD,EQ,2019-01-21,1217.95,1218.0,1222.0,1172.0,1172.6,1180.6,1192.29,1950472,2325524081.0,61931,328873,16.86,1,2019,-3.066628350917533,Among top Losers
420,JUBLFOOD,EQ,2019-01-22,1180.6,1170.0,1198.0,1160.0,1165.0,1167.15,1175.14,2912125,3422152226.0,96514,907396,31.16,1,2019,-1.1392512281890421,Negative
421,JUBLFOOD,EQ,2019-01-23,1167.15,1167.15,1185.0,1165.15,1175.8,1173.25,1175.51,1423184,1672972194.0,42267,390244,27.42,1,2019,0.5226406203144407,Slight Positive
422,JUBLFOOD,EQ,2019-01-24,1173.25,1177.0,1187.9,1165.6,1183.0,1179.65,1177.32,1660507,1954950769.0,46270,589330,35.49,1,2019,0.5454932878755647,Slight Positive
423,JUBLFOOD,EQ,2019-01-25,1179.65,1185.9,1225.1,1185.35,1198.0,1197.85,1210.37,2819854,3413058060.0,77847,593034,21.03,1,2019,1.5428305005721787,Positive
424,JUBLFOOD,EQ,2019-01-28,1197.85,1197.4,1212.0,1183.25,1200.0,1202.05,1198.41,1239212,1485084625.0,33338,172590,13.93,1,2019,0.3506282088742374,Slight or No Change
425,JUBLFOOD,EQ,2019-01-29,1202.05,1198.9,1221.6,1180.1,1211.0,1195.75,1201.57,1484356,1783557236.0,42352,223008,15.02,1,2019,-0.524104654548474,Slight Negative
426,JUBLFOOD,EQ,2019-01-30,1195.75,1213.0,1238.9,1173.8,1200.5,1200.2,1211.97,6994644,8477324744.0,192055,827838,11.84,1,2019,0.37215136943340443,Slight or No Change
427,JUBLFOOD,EQ,2019-01-31,1200.2,1230.0,1270.05,1216.85,1263.0,1258.45,1244.18,5199704,6469360278.0,131960,1264305,24.31,1,2019,4.853357773704392,Among Top gainers
428,JUBLFOOD,EQ,2019-02-01,1258.45,1269.6,1371.35,1250.0,1362.0,1357.95,1324.74,6091028,8069013054.0,131432,1636205,26.86,2,2019,7.906551710437437,Bull run
429,JUBLFOOD,EQ,2019-02-04,1357.95,1344.0,1402.9,1342.0,1396.35,1396.5,1381.09,3611293,4987513551.0,95871,536129,14.85,2,2019,2.838837954269291,Positive
430,JUBLFOOD,EQ,2019-02-05,1396.5,1355.0,1365.0,1205.4,1305.0,1303.4,1309.53,9418525,12333871111.0,269055,1236552,13.13,2,2019,-6.666666666666665,Among top Losers
431,JUBLFOOD,EQ,2019-02-06,1303.4,1340.0,1344.6,1238.0,1291.4,1293.85,1280.58,9219435,11806199922.0,246149,1583716,17.18,2,2019,-0.7326990946754819,Slight Negative
432,JUBLFOOD,EQ,2019-02-07,1293.85,1297.0,1348.0,1277.6,1342.5,1341.15,1331.88,3761427,5009784128.0,97694,393262,10.46,2,2019,3.655756076825001,Among Top gainers
433,JUBLFOOD,EQ,2019-02-08,1341.15,1335.0,1362.25,1321.4,1343.0,1347.0,1348.1,2446233,3297769200.0,70661,419620,17.15,2,2019,0.436192819595127,Slight or No Change
434,JUBLFOOD,EQ,2019-02-11,1347.0,1346.5,1353.5,1303.2,1325.25,1319.55,1321.19,1510329,1995438899.0,40109,266318,17.63,2,2019,-2.0378619153674893,Negative
435,JUBLFOOD,EQ,2019-02-12,1319.55,1327.0,1327.85,1275.1,1292.6,1297.45,1296.11,1983732,2571125336.0,57185,289710,14.6,2,2019,-1.674813383350382,Negative
436,JUBLFOOD,EQ,2019-02-13,1297.45,1305.45,1317.7,1269.15,1275.35,1276.05,1294.93,2171050,2811365712.0,61495,463982,21.37,2,2019,-1.649389186481176,Negative
437,JUBLFOOD,EQ,2019-02-14,1276.05,1280.0,1317.5,1280.0,1311.7,1312.7,1301.18,1729499,2250384927.0,53436,285820,16.53,2,2019,2.872144508444041,Positive
438,JUBLFOOD,EQ,2019-02-15,1312.7,1312.4,1312.6,1275.0,1300.25,1300.85,1294.28,1250051,1617919285.0,35864,109700,8.78,2,2019,-0.9027195855869641,Slight Negative
439,JUBLFOOD,EQ,2019-02-18,1300.85,1300.05,1346.5,1300.05,1334.05,1337.95,1333.63,2136235,2848937823.0,54758,387866,18.16,2,2019,2.8519813967790464,Positive
440,JUBLFOOD,EQ,2019-02-19,1337.95,1340.15,1368.0,1333.0,1333.0,1341.3,1354.04,2557102,3462425555.0,59704,400150,15.65,2,2019,0.25038304869389183,Slight or No Change
441,JUBLFOOD,EQ,2019-02-20,1341.3,1341.1,1350.6,1285.2,1289.7,1292.5,1310.1,2797395,3664879680.0,65952,462318,16.53,2,2019,-3.638261388205466,Among top Losers
442,JUBLFOOD,EQ,2019-02-21,1292.5,1295.0,1327.9,1293.2,1319.0,1316.3,1317.13,2061410,2715139255.0,51841,254541,12.35,2,2019,1.841392649903284,Positive
443,JUBLFOOD,EQ,2019-02-22,1316.3,1305.0,1313.25,1289.0,1293.0,1295.2,1297.47,2708759,3514525239.0,67404,398737,14.72,2,2019,-1.6029780445187214,Negative
444,JUBLFOOD,EQ,2019-02-25,1295.2,1302.0,1313.5,1264.0,1270.8,1268.65,1283.06,2547385,3268445799.0,57073,635225,24.94,2,2019,-2.049876466954903,Negative
445,JUBLFOOD,EQ,2019-02-26,1268.65,1263.0,1279.0,1245.75,1274.55,1273.4,1268.13,2064924,2618601939.0,54287,492315,23.84,2,2019,0.37441374689630713,Slight or No Change
446,JUBLFOOD,EQ,2019-02-27,1273.4,1287.0,1293.5,1265.0,1272.0,1272.05,1279.14,1467199,1876758740.0,37998,271311,18.49,2,2019,-0.10601539186431141,Slight or No Change
447,JUBLFOOD,EQ,2019-02-28,1272.05,1281.0,1297.0,1263.25,1266.9,1268.75,1281.48,2239670,2870084623.0,42845,873517,39.0,2,2019,-0.2594237647891129,Slight or No Change
448,JUBLFOOD,EQ,2019-03-01,1268.75,1277.0,1282.15,1267.5,1276.8,1276.75,1275.32,1089400,1389334034.0,29797,271246,24.9,3,2019,0.6305418719211753,Slight Positive
449,JUBLFOOD,EQ,2019-03-05,1276.75,1276.0,1287.95,1261.25,1270.9,1274.25,1271.14,1676607,2131197006.0,48905,574013,34.24,3,2019,-0.19580967299784868,Slight or No Change
450,JUBLFOOD,EQ,2019-03-06,1274.25,1289.9,1334.0,1275.0,1330.4,1327.25,1308.45,3292385,4307915320.0,75416,879734,26.72,3,2019,4.159309397684918,Among Top gainers
451,JUBLFOOD,EQ,2019-03-07,1327.25,1339.0,1360.8,1316.0,1327.2,1326.2,1343.86,2296736,3086496813.0,59144,296188,12.9,3,2019,-0.07911094368053817,Slight or No Change
452,JUBLFOOD,EQ,2019-03-08,1326.2,1327.2,1347.9,1315.1,1345.7,1339.6,1331.21,1357561,1807202616.0,35984,241510,17.79,3,2019,1.0104056703362785,Positive
453,JUBLFOOD,EQ,2019-03-11,1339.6,1347.0,1375.0,1341.0,1371.9,1371.85,1358.92,1563403,2124535352.0,44477,288089,18.43,3,2019,2.40743505524037,Positive
454,JUBLFOOD,EQ,2019-03-12,1371.85,1380.1,1384.0,1343.3,1345.1,1349.9,1364.6,1673508,2283662764.0,38055,314890,18.82,3,2019,-1.6000291577067283,Negative
455,JUBLFOOD,EQ,2019-03-13,1349.9,1355.0,1355.0,1321.0,1328.55,1325.65,1332.07,1308577,1743110057.0,52765,287349,21.96,3,2019,-1.7964293651381635,Negative
457,JUBLFOOD,EQ,2019-03-14,1325.65,1322.0,1369.0,1314.4,1339.0,1331.6,1342.26,3670164,4926300775.0,76272,285099,7.77,3,2019,0.44883641986948053,Slight or No Change
458,JUBLFOOD,EQ,2019-03-15,1331.6,1349.75,1358.7,1332.1,1348.0,1343.2,1345.57,1805206,2429035284.0,50774,310023,17.17,3,2019,0.8711324722138869,Slight Positive
459,JUBLFOOD,EQ,2019-03-18,1343.2,1356.4,1393.5,1345.05,1392.0,1387.3,1369.44,2090717,2863108622.0,67166,441828,21.13,3,2019,3.2832042882668278,Among Top gainers
460,JUBLFOOD,EQ,2019-03-19,1387.3,1404.0,1430.0,1390.0,1402.05,1398.75,1413.94,4380553,6193859006.0,122404,784559,17.91,3,2019,0.82534419375766,Slight Positive
461,JUBLFOOD,EQ,2019-03-20,1398.75,1406.0,1420.0,1395.0,1400.35,1400.35,1408.66,1897603,2673083315.0,66057,289579,15.26,3,2019,0.11438784629131948,Slight or No Change
462,JUBLFOOD,EQ,2019-03-22,1400.35,1405.9,1438.0,1405.0,1437.0,1430.4,1425.37,2528661,3604269286.0,77485,391524,15.48,3,2019,2.1458920984039898,Positive
463,JUBLFOOD,EQ,2019-03-25,1430.4,1432.0,1459.9,1427.05,1454.2,1454.7,1444.08,2834818,4093695238.0,94230,636886,22.47,3,2019,1.6988255033556943,Positive
464,JUBLFOOD,EQ,2019-03-26,1454.7,1461.0,1470.0,1442.0,1463.0,1466.6,1456.26,2429883,3538536139.0,69322,619405,25.49,3,2019,0.8180380834536205,Slight Positive
465,JUBLFOOD,EQ,2019-03-27,1466.6,1466.0,1469.45,1443.1,1446.0,1446.6,1455.01,1104984,1607757631.0,38661,206795,18.71,3,2019,-1.3636983499250022,Negative
466,JUBLFOOD,EQ,2019-03-28,1446.6,1444.6,1466.65,1437.5,1459.0,1459.4,1454.74,1449362,2108444356.0,45697,559838,38.63,3,2019,0.8848334024609494,Slight Positive
467,JUBLFOOD,EQ,2019-03-29,1459.4,1460.0,1461.45,1432.15,1448.4,1444.0,1445.78,1202267,1738212031.0,56218,253228,21.06,3,2019,-1.0552281759627302,Negative
468,JUBLFOOD,EQ,2019-04-01,1444.0,1456.0,1487.7,1448.4,1458.1,1460.3,1471.45,1403371,2064986854.0,37393,318896,22.72,4,2019,1.1288088642659178,Positive
469,JUBLFOOD,EQ,2019-04-02,1460.3,1458.0,1474.7,1431.0,1444.0,1441.2,1455.4,1061727,1545235839.0,32877,273389,25.75,4,2019,-1.307950421146331,Negative
470,JUBLFOOD,EQ,2019-04-03,1441.2,1448.45,1461.0,1419.0,1424.6,1423.15,1440.88,907675,1307854023.0,36560,279220,30.76,4,2019,-1.2524285317790707,Negative
471,JUBLFOOD,EQ,2019-04-04,1423.15,1428.2,1442.9,1420.1,1436.0,1432.85,1429.73,989402,1414575727.0,39507,274042,27.7,4,2019,0.6815866212275479,Slight Positive
472,JUBLFOOD,EQ,2019-04-05,1432.85,1437.0,1444.25,1413.0,1417.0,1417.6,1423.38,944826,1344849889.0,38794,269564,28.53,4,2019,-1.0643123844086944,Negative
473,JUBLFOOD,EQ,2019-04-08,1417.6,1424.9,1437.5,1413.55,1430.0,1427.7,1425.01,820538,1169276443.0,33112,178347,21.74,4,2019,0.7124717832957206,Slight Positive
474,JUBLFOOD,EQ,2019-04-09,1427.7,1428.95,1433.0,1405.5,1430.0,1429.55,1422.85,863852,1229134704.0,36292,180677,20.92,4,2019,0.1295790432163546,Slight or No Change
475,JUBLFOOD,EQ,2019-04-10,1429.55,1428.0,1433.95,1405.6,1409.0,1409.65,1416.64,675075,956336968.8,34994,234777,34.78,4,2019,-1.392046448182982,Negative
476,JUBLFOOD,EQ,2019-04-11,1409.65,1409.0,1416.3,1370.0,1378.4,1375.3,1387.22,1424371,1975911394.0,53260,398065,27.95,4,2019,-2.4367750860142645,Negative
477,JUBLFOOD,EQ,2019-04-12,1375.3,1378.4,1380.95,1348.25,1362.6,1361.5,1361.58,1543838,2102066184.0,67576,546206,35.38,4,2019,-1.0034174361957304,Negative
478,JUBLFOOD,EQ,2019-04-15,1361.5,1366.0,1384.85,1366.0,1371.0,1370.4,1373.6,1112285,1527835491.0,37947,296757,26.68,4,2019,0.6536907822255023,Slight Positive
479,JUBLFOOD,EQ,2019-04-16,1370.4,1377.0,1394.75,1362.1,1381.2,1381.15,1380.83,1270729,1754655985.0,56349,441571,34.75,4,2019,0.7844424985405718,Slight Positive
480,JUBLFOOD,EQ,2019-04-18,1381.15,1387.0,1391.55,1340.75,1343.0,1345.15,1357.74,1322271,1795303005.0,50037,347632,26.29,4,2019,-2.606523549216233,Negative
481,JUBLFOOD,EQ,2019-04-22,1345.15,1340.75,1348.0,1324.0,1330.0,1331.05,1332.93,746341,994821389.0,23145,189283,25.36,4,2019,-1.048210236776581,Negative
482,JUBLFOOD,EQ,2019-04-23,1331.05,1323.0,1349.0,1311.2,1317.7,1316.1,1332.24,959140,1277800169.0,29448,219331,22.87,4,2019,-1.123173434506597,Negative
483,JUBLFOOD,EQ,2019-04-24,1316.1,1320.0,1334.0,1307.2,1320.0,1317.0,1317.88,967476,1275012695.0,63309,329221,34.03,4,2019,0.06838386140870512,Slight or No Change
484,JUBLFOOD,EQ,2019-04-25,1317.0,1327.0,1354.9,1321.0,1335.0,1327.9,1339.63,1153973,1545896737.0,35270,216555,18.77,4,2019,0.8276385725132895,Slight Positive
485,JUBLFOOD,EQ,2019-04-26,1327.9,1336.15,1354.9,1332.2,1342.0,1342.8,1342.95,1307231,1755541325.0,38949,365697,27.97,4,2019,1.1220724452142283,Positive
486,JUBLFOOD,EQ,2019-04-30,1342.8,1341.6,1341.6,1310.05,1330.85,1328.5,1322.93,896668,1186226096.0,31362,347703,38.78,4,2019,-1.0649389335716353,Negative
487,JUBLFOOD,EQ,2019-05-02,1328.5,1329.7,1364.4,1311.25,1344.0,1345.9,1347.31,1497573,2017688667.0,48699,496442,33.15,5,2019,1.3097478359051618,Positive
488,JUBLFOOD,EQ,2019-05-03,1345.9,1345.95,1362.95,1320.3,1328.0,1326.35,1342.49,1035518,1390174065.0,26366,190940,18.44,5,2019,-1.4525596255294038,Negative
489,JUBLFOOD,EQ,2019-05-06,1326.35,1317.0,1326.7,1290.5,1302.0,1299.85,1301.4,1133655,1475337202.0,37430,237505,20.95,5,2019,-1.9979643382214363,Negative
490,JUBLFOOD,EQ,2019-05-07,1299.85,1305.0,1320.0,1277.4,1278.0,1282.25,1300.36,1309419,1702720044.0,35689,247667,18.91,5,2019,-1.3540023848905625,Negative
491,JUBLFOOD,EQ,2019-05-08,1282.25,1272.0,1276.55,1241.85,1266.4,1262.45,1263.53,1039517,1313462105.0,34996,123192,11.85,5,2019,-1.5441606550984588,Negative
492,JUBLFOOD,EQ,2019-05-09,1262.45,1266.0,1278.0,1253.25,1274.75,1268.8,1266.63,646016,818263455.4,22188,64429,9.97,5,2019,0.5029902174343404,Slight Positive
493,JUBLFOOD,EQ,2019-05-10,1268.8,1278.8,1294.8,1258.8,1265.45,1264.5,1278.45,892408,1140898200.0,25374,110213,12.35,5,2019,-0.33890290037830173,Slight or No Change
494,JUBLFOOD,EQ,2019-05-13,1264.5,1269.95,1269.95,1237.05,1242.0,1242.6,1256.49,746458,937914762.0,28142,129094,17.29,5,2019,-1.7319098457888593,Negative
